account number,name,sku,category,quantity,unit price,ext price,date,time,am_pm
296809,Carroll PLC,QN-82852,Belt,13,44.48,578.24,9/27/2014 0:00,7:13:03,AM
98022,Heidenreich-Bosco,MJ-21460,Shoes,19,53.62,1018.78,7/29/2014 0:00,2:10:44,AM
563905,"Kerluke, Reilly and Bechtelar",AS-93055,Shirt,12,24.16,289.92,3/1/2014 0:00,10:51:24,AM
93356,Waters-Walker,AS-93055,Shirt,5,82.68,413.4,11/17/2013 0:00,8:41:11,PM
659366,Waelchi-Fahey,AS-93055,Shirt,18,99.64,1793.52,1/3/2014 0:00,8:14:27,AM
563905,"Kerluke, Reilly and Bechtelar",AS-93055,Shirt,17,52.82,897.94,12/4/2013 0:00,2:07:05,AM
995267,Cole-Eichmann,GS-86623,Shoes,18,15.28,275.04,4/9/2014 0:00,4:15:03,PM
524021,Hegmann and Sons,LL-46261,Shoes,7,78.78,551.46,6/18/2014 0:00,7:25:10,PM
929400,"Senger, Upton and Breitenberg",LW-86841,Shoes,17,38.19,649.23,2/10/2014 0:00,5:55:56,AM
563905,"Kerluke, Reilly and Bechtelar",KV-99194,Shirt,12,26.98,323.76,5/20/2014 0:00,12:21:28,AM
995267,Cole-Eichmann,KV-99194,Shirt,19,60.22,1144.18,3/10/2014 0:00,6:23:31,AM
524021,Hegmann and Sons,QN-82852,Belt,6,13.12,78.72,11/3/2013 0:00,6:38:16,PM
758133,"Kihn, McClure and Denesik",LL-46261,Shoes,4,59.69,238.76,1/11/2014 0:00,9:48:28,PM
555594,"Ernser, Cruickshank and Lind",FK-71853,Shirt,12,97.25,1167,9/19/2014 0:00,1:20:00,PM
201259,Koelpin PLC,GS-86623,Shoes,9,81.44,732.96,8/12/2014 0:00,8:05:27,AM
93356,Waters-Walker,LL-46261,Shoes,18,53.33,959.94,7/15/2014 0:00,11:21:11,PM
563905,"Kerluke, Reilly and Bechtelar",KV-99194,Shirt,4,35.62,142.48,10/5/2014 0:00,11:38:16,PM
201259,Koelpin PLC,KV-99194,Shirt,17,98.23,1669.91,1/26/2014 0:00,1:52:36,AM
758133,"Kihn, McClure and Denesik",WJ-02096,Belt,15,69.52,1042.8,11/13/2013 0:00,9:38:46,PM
296809,Carroll PLC,VG-32047,Shirt,12,80.12,961.44,5/24/2014 0:00,4:03:28,PM
750461,"Volkman, Goyette and Lemke",WJ-02096,Belt,13,81.19,1055.47,1/8/2014 0:00,2:45:07,AM
929400,"Senger, Upton and Breitenberg",LL-46261,Shoes,2,48.15,96.3,4/28/2014 0:00,7:01:04,AM
563905,"Kerluke, Reilly and Bechtelar",MJ-21460,Shoes,1,54.94,54.94,8/9/2014 0:00,11:22:15,AM
734922,Berge LLC,QN-82852,Belt,4,57.75,231,11/4/2013 0:00,9:48:26,AM
296809,Carroll PLC,AS-93055,Shirt,14,47.68,667.52,1/12/2014 0:00,12:28:09,AM
304860,Huel-Haag,QN-82852,Belt,2,41.4,82.8,9/23/2014 0:00,2:36:55,AM
563905,"Kerluke, Reilly and Bechtelar",VG-32047,Shirt,6,58.52,351.12,3/14/2014 0:00,2:28:57,AM
750461,"Volkman, Goyette and Lemke",LL-46261,Shoes,12,96.62,1159.44,12/13/2013 0:00,3:19:19,AM
850140,Kunze Inc,KV-99194,Shirt,12,93.67,1124.04,2/19/2014 0:00,6:03:09,AM
115138,Gorczany-Hahn,VG-32047,Shirt,12,72.63,871.56,2/7/2014 0:00,3:30:14,AM
711951,Kilback-Gerlach,AS-93055,Shirt,2,90.8,181.6,3/26/2014 0:00,8:56:14,PM
676847,Hamill-Hackett,AS-93055,Shirt,6,42.96,257.76,11/14/2013 0:00,10:16:18,PM
711951,Kilback-Gerlach,AS-93055,Shirt,1,71.5,71.5,4/14/2014 0:00,4:58:07,PM
305803,"Davis, Kshlerin and Reilly",AS-93055,Shirt,1,74.43,74.43,9/20/2014 0:00,9:49:19,AM
201259,Koelpin PLC,GS-86623,Shoes,8,35.38,283.04,12/12/2013 0:00,2:37:57,AM
115138,Gorczany-Hahn,QN-82852,Belt,16,24.87,397.92,2/20/2014 0:00,7:42:49,AM
296809,Carroll PLC,WJ-02096,Belt,14,15.33,214.62,12/3/2013 0:00,1:25:07,AM
93356,Waters-Walker,AS-93055,Shirt,12,94.34,1132.08,9/4/2014 0:00,1:39:04,PM
850140,Kunze Inc,MJ-21460,Shoes,18,12.78,230.04,2/20/2014 0:00,1:18:47,PM
676847,Hamill-Hackett,LL-46261,Shoes,3,28.71,86.13,1/2/2014 0:00,12:49:41,PM
115138,Gorczany-Hahn,VG-32047,Shirt,11,11.21,123.31,12/10/2013 0:00,8:13:01,PM
201259,Koelpin PLC,KV-99194,Shirt,4,29.79,119.16,11/7/2013 0:00,5:43:31,PM
201259,Koelpin PLC,LW-86841,Shoes,11,35.82,394.02,6/21/2014 0:00,7:49:30,PM
676847,Hamill-Hackett,WJ-02096,Belt,6,55.43,332.58,8/8/2014 0:00,1:50:43,PM
304860,Huel-Haag,GS-86623,Shoes,4,95.75,383,3/15/2014 0:00,12:50:59,PM
304860,Huel-Haag,MJ-21460,Shoes,10,12.63,126.3,6/5/2014 0:00,10:34:03,PM
850140,Kunze Inc,MJ-21460,Shoes,10,26.21,262.1,4/21/2014 0:00,2:14:10,AM
758133,"Kihn, McClure and Denesik",LW-86841,Shoes,11,92.1,1013.1,3/21/2014 0:00,2:26:03,PM
750461,"Volkman, Goyette and Lemke",MJ-21460,Shoes,10,98.27,982.7,10/2/2014 0:00,4:41:10,AM
555594,"Ernser, Cruickshank and Lind",FK-71853,Shirt,6,65.4,392.4,9/17/2014 0:00,7:15:27,PM
995267,Cole-Eichmann,KV-99194,Shirt,10,23.79,237.9,11/17/2013 0:00,11:56:36,PM
201259,Koelpin PLC,MJ-21460,Shoes,7,52.01,364.07,5/23/2014 0:00,5:49:08,PM
758133,"Kihn, McClure and Denesik",FK-71853,Shirt,11,13.06,143.66,3/1/2014 0:00,8:58:41,AM
850140,Kunze Inc,GS-86623,Shoes,14,92.43,1294.02,8/3/2014 0:00,9:22:07,PM
201259,Koelpin PLC,FK-71853,Shirt,14,57.69,807.66,5/26/2014 0:00,4:29:02,PM
555594,"Ernser, Cruickshank and Lind",KV-99194,Shirt,10,83.05,830.5,1/5/2014 0:00,10:16:57,AM
98022,Heidenreich-Bosco,GS-86623,Shoes,10,26.49,264.9,2/12/2014 0:00,7:27:39,AM
929400,"Senger, Upton and Breitenberg",GS-86623,Shoes,15,88.24,1323.6,7/9/2014 0:00,7:31:43,PM
305803,"Davis, Kshlerin and Reilly",LL-46261,Shoes,13,75.38,979.94,3/5/2014 0:00,9:26:56,AM
850140,Kunze Inc,LW-86841,Shoes,16,66.61,1065.76,7/25/2014 0:00,10:56:12,PM
734922,Berge LLC,GS-86623,Shoes,3,99.88,299.64,8/4/2014 0:00,11:08:09,PM
995267,Cole-Eichmann,AS-93055,Shirt,7,41.75,292.25,7/8/2014 0:00,3:01:53,PM
115138,Gorczany-Hahn,AS-93055,Shirt,13,22.23,288.99,1/13/2014 0:00,6:31:57,PM
929400,"Senger, Upton and Breitenberg",QN-82852,Belt,18,71.38,1284.84,9/24/2014 0:00,4:14:12,AM
98022,Heidenreich-Bosco,LW-86841,Shoes,9,89.82,808.38,11/30/2013 0:00,11:19:44,PM
115138,Gorczany-Hahn,KV-99194,Shirt,10,85.12,851.2,5/17/2014 0:00,3:23:30,AM
555594,"Ernser, Cruickshank and Lind",VG-32047,Shirt,17,75.04,1275.68,2/9/2014 0:00,4:56:59,PM
750461,"Volkman, Goyette and Lemke",KV-99194,Shirt,3,45.05,135.15,2/17/2014 0:00,4:26:57,AM
563905,"Kerluke, Reilly and Bechtelar",GS-86623,Shoes,16,76.77,1228.32,1/5/2014 0:00,2:40:58,AM
659366,Waelchi-Fahey,VG-32047,Shirt,11,99.09,1089.99,7/15/2014 0:00,9:09:33,PM
555594,"Ernser, Cruickshank and Lind",AS-93055,Shirt,3,71.25,213.75,9/29/2014 0:00,6:24:24,AM
563905,"Kerluke, Reilly and Bechtelar",QN-82852,Belt,14,40.3,564.2,1/15/2014 0:00,6:10:47,PM
659366,Waelchi-Fahey,AS-93055,Shirt,1,10.38,10.38,9/12/2014 0:00,9:26:08,PM
304860,Huel-Haag,GS-86623,Shoes,8,69.32,554.56,8/5/2014 0:00,3:34:59,PM
758133,"Kihn, McClure and Denesik",QN-82852,Belt,12,82.74,992.88,7/28/2014 0:00,12:55:13,AM
524021,Hegmann and Sons,QN-82852,Belt,17,81.64,1387.88,5/29/2014 0:00,5:51:07,AM
676847,Hamill-Hackett,LL-46261,Shoes,5,50.63,253.15,10/22/2014 0:00,11:43:28,AM
850140,Kunze Inc,LW-86841,Shoes,6,81.41,488.46,9/11/2014 0:00,8:41:22,AM
115138,Gorczany-Hahn,QN-82852,Belt,13,18.45,239.85,1/19/2014 0:00,9:22:08,PM
563905,"Kerluke, Reilly and Bechtelar",AS-93055,Shirt,17,17.36,295.12,1/29/2014 0:00,2:09:39,PM
304860,Huel-Haag,AS-93055,Shirt,9,55.09,495.81,6/28/2014 0:00,10:39:25,PM
995267,Cole-Eichmann,LL-46261,Shoes,3,17.54,52.62,1/17/2014 0:00,7:11:41,PM
758133,"Kihn, McClure and Denesik",AS-93055,Shirt,7,82.51,577.57,1/13/2014 0:00,8:06:03,AM
304860,Huel-Haag,WJ-02096,Belt,3,14.9,44.7,11/21/2013 0:00,2:28:29,PM
659366,Waelchi-Fahey,FK-71853,Shirt,6,89.05,534.3,5/15/2014 0:00,2:19:37,AM
563905,"Kerluke, Reilly and Bechtelar",QN-82852,Belt,18,57.99,1043.82,9/25/2014 0:00,6:23:20,AM
201259,Koelpin PLC,VG-32047,Shirt,1,35.82,35.82,4/1/2014 0:00,11:12:52,AM
734922,Berge LLC,LW-86841,Shoes,5,56,280,11/22/2013 0:00,5:45:35,PM
555594,"Ernser, Cruickshank and Lind",WJ-02096,Belt,7,77.52,542.64,2/1/2014 0:00,9:30:21,AM
555594,"Ernser, Cruickshank and Lind",LL-46261,Shoes,12,47.07,564.84,8/8/2014 0:00,11:08:24,AM
758133,"Kihn, McClure and Denesik",KV-99194,Shirt,18,70.12,1262.16,10/25/2013 0:00,3:43:33,AM
563905,"Kerluke, Reilly and Bechtelar",VG-32047,Shirt,20,28.61,572.2,9/30/2014 0:00,7:16:05,PM
115138,Gorczany-Hahn,FK-71853,Shirt,12,73.92,887.04,5/15/2014 0:00,1:22:25,PM
201259,Koelpin PLC,FK-71853,Shirt,2,38.82,77.64,12/10/2013 0:00,5:54:51,PM
299771,"Kuphal, Zieme and Kub",KV-99194,Shirt,14,69.26,969.64,1/20/2014 0:00,8:34:55,PM
734922,Berge LLC,GS-86623,Shoes,19,28.54,542.26,10/26/2013 0:00,5:03:00,PM
296809,Carroll PLC,LL-46261,Shoes,7,79.15,554.05,3/7/2014 0:00,9:38:37,AM
299771,"Kuphal, Zieme and Kub",GS-86623,Shoes,20,36.19,723.8,7/2/2014 0:00,8:35:43,AM
750461,"Volkman, Goyette and Lemke",LL-46261,Shoes,19,93.21,1770.99,4/20/2014 0:00,6:58:11,PM
201259,Koelpin PLC,MJ-21460,Shoes,5,23.76,118.8,8/17/2014 0:00,11:00:49,AM
115138,Gorczany-Hahn,FK-71853,Shirt,2,44.1,88.2,8/9/2014 0:00,6:31:40,PM
115138,Gorczany-Hahn,LL-46261,Shoes,20,41.05,821,2/20/2014 0:00,7:29:02,AM
305803,"Davis, Kshlerin and Reilly",LW-86841,Shoes,19,47.78,907.82,2/22/2014 0:00,1:15:38,PM
711951,Kilback-Gerlach,LW-86841,Shoes,9,95.92,863.28,5/29/2014 0:00,10:08:13,PM
93356,Waters-Walker,GS-86623,Shoes,4,50.1,200.4,8/11/2014 0:00,2:09:32,AM
98022,Heidenreich-Bosco,WJ-02096,Belt,10,75.51,755.1,10/22/2013 0:00,11:19:39,PM
555594,"Ernser, Cruickshank and Lind",VG-32047,Shirt,19,64.38,1223.22,9/2/2014 0:00,9:51:04,PM
524021,Hegmann and Sons,FK-71853,Shirt,12,17.42,209.04,1/22/2014 0:00,2:25:19,PM
115138,Gorczany-Hahn,MJ-21460,Shoes,11,81.67,898.37,9/6/2014 0:00,11:50:34,AM
555594,"Ernser, Cruickshank and Lind",VG-32047,Shirt,6,74.08,444.48,2/28/2014 0:00,6:37:43,PM
299771,"Kuphal, Zieme and Kub",MJ-21460,Shoes,18,25.91,466.38,8/12/2014 0:00,10:48:01,PM
524021,Hegmann and Sons,LL-46261,Shoes,6,57.32,343.92,12/20/2013 0:00,12:38:08,PM
750461,"Volkman, Goyette and Lemke",QN-82852,Belt,6,78.61,471.66,12/18/2013 0:00,12:13:25,PM
563905,"Kerluke, Reilly and Bechtelar",MJ-21460,Shoes,5,50.85,254.25,8/2/2014 0:00,5:30:13,AM
750461,"Volkman, Goyette and Lemke",FK-71853,Shirt,13,72.12,937.56,3/9/2014 0:00,2:23:35,PM
299771,"Kuphal, Zieme and Kub",MJ-21460,Shoes,14,24.91,348.74,4/6/2014 0:00,7:20:34,PM
555594,"Ernser, Cruickshank and Lind",MJ-21460,Shoes,9,43.25,389.25,4/26/2014 0:00,4:22:46,PM
299771,"Kuphal, Zieme and Kub",QN-82852,Belt,12,66.32,795.84,11/19/2013 0:00,4:47:16,AM
659366,Waelchi-Fahey,AS-93055,Shirt,2,24.3,48.6,11/10/2013 0:00,1:25:32,PM
734922,Berge LLC,MJ-21460,Shoes,12,53.7,644.4,9/27/2014 0:00,2:51:01,AM
201259,Koelpin PLC,LL-46261,Shoes,16,80.82,1293.12,8/19/2014 0:00,12:53:50,AM
555594,"Ernser, Cruickshank and Lind",QN-82852,Belt,10,91.71,917.1,6/25/2014 0:00,7:11:32,PM
563905,"Kerluke, Reilly and Bechtelar",KV-99194,Shirt,11,16.05,176.55,9/26/2014 0:00,3:52:52,AM
93356,Waters-Walker,VG-32047,Shirt,17,86.18,1465.06,8/13/2014 0:00,3:42:49,PM
758133,"Kihn, McClure and Denesik",LW-86841,Shoes,14,87.56,1225.84,4/27/2014 0:00,7:55:06,AM
676847,Hamill-Hackett,GS-86623,Shoes,20,27.49,549.8,7/2/2014 0:00,12:51:29,PM
93356,Waters-Walker,GS-86623,Shoes,4,73.11,292.44,8/21/2014 0:00,7:29:11,PM
758133,"Kihn, McClure and Denesik",FK-71853,Shirt,11,90.64,997.04,5/11/2014 0:00,6:10:17,AM
555594,"Ernser, Cruickshank and Lind",KV-99194,Shirt,12,72.17,866.04,9/15/2014 0:00,8:49:18,PM
659366,Waelchi-Fahey,LL-46261,Shoes,9,50.76,456.84,8/29/2014 0:00,11:32:00,AM
93356,Waters-Walker,FK-71853,Shirt,16,21.43,342.88,5/25/2014 0:00,12:38:58,AM
93356,Waters-Walker,LL-46261,Shoes,20,21.09,421.8,12/23/2013 0:00,4:50:54,AM
524021,Hegmann and Sons,VG-32047,Shirt,20,25.37,507.4,7/19/2014 0:00,5:18:19,PM
676847,Hamill-Hackett,KV-99194,Shirt,20,29.59,591.8,1/1/2014 0:00,7:55:03,PM
995267,Cole-Eichmann,KV-99194,Shirt,17,20.24,344.08,10/1/2014 0:00,9:20:26,PM
850140,Kunze Inc,WJ-02096,Belt,13,71.35,927.55,6/9/2014 0:00,8:22:22,PM
524021,Hegmann and Sons,KV-99194,Shirt,16,79.67,1274.72,10/25/2013 0:00,7:31:02,AM
711951,Kilback-Gerlach,LW-86841,Shoes,2,60.75,121.5,5/17/2014 0:00,1:10:42,PM
299771,"Kuphal, Zieme and Kub",KV-99194,Shirt,5,44.47,222.35,4/11/2014 0:00,5:00:15,AM
93356,Waters-Walker,GS-86623,Shoes,2,86.17,172.34,3/12/2014 0:00,2:25:12,PM
555594,"Ernser, Cruickshank and Lind",LW-86841,Shoes,14,54.5,763,10/6/2014 0:00,9:47:02,AM
299771,"Kuphal, Zieme and Kub",AS-93055,Shirt,18,37.75,679.5,4/5/2014 0:00,8:02:30,PM
299771,"Kuphal, Zieme and Kub",FK-71853,Shirt,20,32.7,654,4/26/2014 0:00,5:18:02,AM
296809,Carroll PLC,MJ-21460,Shoes,15,93.06,1395.9,8/17/2014 0:00,6:39:56,PM
750461,"Volkman, Goyette and Lemke",LL-46261,Shoes,17,49.59,843.03,10/29/2013 0:00,12:57:27,PM
750461,"Volkman, Goyette and Lemke",WJ-02096,Belt,17,45.43,772.31,5/9/2014 0:00,6:44:04,AM
711951,Kilback-Gerlach,AS-93055,Shirt,2,31.54,63.08,1/26/2014 0:00,5:15:19,AM
304860,Huel-Haag,LW-86841,Shoes,6,93.02,558.12,11/23/2013 0:00,8:51:18,AM
750461,"Volkman, Goyette and Lemke",FK-71853,Shirt,16,57.02,912.32,10/14/2014 0:00,2:07:31,PM
711951,Kilback-Gerlach,FK-71853,Shirt,11,53.17,584.87,6/10/2014 0:00,3:11:01,PM
305803,"Davis, Kshlerin and Reilly",LL-46261,Shoes,12,52.51,630.12,8/3/2014 0:00,3:39:52,AM
115138,Gorczany-Hahn,MJ-21460,Shoes,13,96.31,1252.03,12/3/2013 0:00,4:04:40,AM
201259,Koelpin PLC,LW-86841,Shoes,16,90.97,1455.52,8/29/2014 0:00,7:41:36,AM
734922,Berge LLC,KV-99194,Shirt,7,64.02,448.14,11/5/2013 0:00,3:55:12,AM
563905,"Kerluke, Reilly and Bechtelar",GS-86623,Shoes,15,18.41,276.15,3/2/2014 0:00,5:47:13,PM
305803,"Davis, Kshlerin and Reilly",MJ-21460,Shoes,2,29.63,59.26,3/27/2014 0:00,11:48:17,PM
750461,"Volkman, Goyette and Lemke",FK-71853,Shirt,4,46.82,187.28,2/15/2014 0:00,6:51:19,AM
850140,Kunze Inc,VG-32047,Shirt,9,93.69,843.21,3/20/2014 0:00,3:25:39,PM
93356,Waters-Walker,GS-86623,Shoes,15,64.11,961.65,10/23/2013 0:00,8:28:53,AM
304860,Huel-Haag,LL-46261,Shoes,3,48.87,146.61,4/3/2014 0:00,10:36:22,PM
929400,"Senger, Upton and Breitenberg",MJ-21460,Shoes,14,87.01,1218.14,12/14/2013 0:00,4:40:16,PM
929400,"Senger, Upton and Breitenberg",KV-99194,Shirt,4,17.98,71.92,7/22/2014 0:00,7:10:27,PM
734922,Berge LLC,AS-93055,Shirt,10,93.77,937.7,8/17/2014 0:00,9:21:15,AM
734922,Berge LLC,MJ-21460,Shoes,6,84.73,508.38,7/20/2014 0:00,6:27:59,PM
711951,Kilback-Gerlach,QN-82852,Belt,11,45.49,500.39,11/12/2013 0:00,10:13:25,AM
299771,"Kuphal, Zieme and Kub",LL-46261,Shoes,17,70.23,1193.91,8/14/2014 0:00,1:57:01,PM
995267,Cole-Eichmann,FK-71853,Shirt,10,51.29,512.9,9/16/2014 0:00,5:26:10,AM
93356,Waters-Walker,AS-93055,Shirt,16,75.48,1207.68,8/23/2014 0:00,4:04:11,AM
676847,Hamill-Hackett,MJ-21460,Shoes,19,56.9,1081.1,10/21/2014 0:00,8:46:48,AM
524021,Hegmann and Sons,FK-71853,Shirt,10,71.89,718.9,9/11/2014 0:00,12:45:37,AM
929400,"Senger, Upton and Breitenberg",MJ-21460,Shoes,10,13.02,130.2,6/30/2014 0:00,10:31:23,AM
304860,Huel-Haag,MJ-21460,Shoes,3,79.49,238.47,6/2/2014 0:00,1:06:24,PM
734922,Berge LLC,AS-93055,Shirt,11,81.53,896.83,9/1/2014 0:00,5:46:10,PM
659366,Waelchi-Fahey,LL-46261,Shoes,1,18.68,18.68,5/19/2014 0:00,6:10:49,PM
201259,Koelpin PLC,MJ-21460,Shoes,20,45.32,906.4,7/6/2014 0:00,10:06:23,PM
711951,Kilback-Gerlach,AS-93055,Shirt,10,68.74,687.4,3/27/2014 0:00,12:14:12,PM
750461,"Volkman, Goyette and Lemke",AS-93055,Shirt,10,90,900,7/10/2014 0:00,10:17:15,PM
995267,Cole-Eichmann,WJ-02096,Belt,6,20.3,121.8,5/23/2014 0:00,10:24:32,AM
563905,"Kerluke, Reilly and Bechtelar",VG-32047,Shirt,17,58.67,997.39,12/8/2013 0:00,1:43:29,PM
659366,Waelchi-Fahey,FK-71853,Shirt,2,12.68,25.36,4/27/2014 0:00,3:38:16,AM
676847,Hamill-Hackett,GS-86623,Shoes,17,49.68,844.56,1/28/2014 0:00,3:37:10,PM
524021,Hegmann and Sons,MJ-21460,Shoes,2,95.37,190.74,3/30/2014 0:00,8:27:54,AM
524021,Hegmann and Sons,AS-93055,Shirt,20,96.98,1939.6,6/13/2014 0:00,6:23:55,PM
296809,Carroll PLC,VG-32047,Shirt,16,23.79,380.64,2/26/2014 0:00,6:22:57,PM
995267,Cole-Eichmann,KV-99194,Shirt,2,37.86,75.72,4/4/2014 0:00,7:30:50,PM
304860,Huel-Haag,KV-99194,Shirt,9,66.18,595.62,1/15/2014 0:00,11:55:40,AM
524021,Hegmann and Sons,KV-99194,Shirt,6,98.89,593.34,4/22/2014 0:00,12:24:15,AM
758133,"Kihn, McClure and Denesik",VG-32047,Shirt,4,25.02,100.08,5/26/2014 0:00,6:54:22,AM
563905,"Kerluke, Reilly and Bechtelar",WJ-02096,Belt,16,64.58,1033.28,12/17/2013 0:00,11:35:15,PM
305803,"Davis, Kshlerin and Reilly",FK-71853,Shirt,18,48.7,876.6,2/10/2014 0:00,8:43:23,AM
734922,Berge LLC,QN-82852,Belt,16,24.66,394.56,12/12/2013 0:00,12:57:07,AM
563905,"Kerluke, Reilly and Bechtelar",LW-86841,Shoes,5,43.15,215.75,4/6/2014 0:00,6:24:33,AM
296809,Carroll PLC,QN-82852,Belt,2,54.52,109.04,8/24/2014 0:00,9:43:19,AM
929400,"Senger, Upton and Breitenberg",WJ-02096,Belt,8,91.14,729.12,6/11/2014 0:00,10:12:04,AM
98022,Heidenreich-Bosco,LW-86841,Shoes,13,65.79,855.27,6/28/2014 0:00,4:47:33,AM
750461,"Volkman, Goyette and Lemke",AS-93055,Shirt,8,14.73,117.84,3/19/2014 0:00,5:18:21,AM
758133,"Kihn, McClure and Denesik",VG-32047,Shirt,14,96.18,1346.52,10/4/2014 0:00,9:49:10,AM
524021,Hegmann and Sons,MJ-21460,Shoes,6,81.1,486.6,2/15/2014 0:00,3:29:46,PM
98022,Heidenreich-Bosco,FK-71853,Shirt,12,38.32,459.84,6/25/2014 0:00,9:29:53,AM
929400,"Senger, Upton and Breitenberg",FK-71853,Shirt,3,51.8,155.4,3/31/2014 0:00,4:17:46,AM
850140,Kunze Inc,FK-71853,Shirt,13,40.29,523.77,9/1/2014 0:00,11:53:15,PM
98022,Heidenreich-Bosco,KV-99194,Shirt,10,22.17,221.7,2/26/2014 0:00,6:59:32,AM
711951,Kilback-Gerlach,MJ-21460,Shoes,15,43.41,651.15,3/9/2014 0:00,12:29:06,AM
115138,Gorczany-Hahn,KV-99194,Shirt,11,67.32,740.52,2/28/2014 0:00,6:44:43,PM
524021,Hegmann and Sons,FK-71853,Shirt,3,17.9,53.7,10/14/2014 0:00,7:22:12,PM
563905,"Kerluke, Reilly and Bechtelar",LW-86841,Shoes,7,44.27,309.89,10/8/2014 0:00,1:05:13,PM
524021,Hegmann and Sons,FK-71853,Shirt,18,51.72,930.96,2/14/2014 0:00,12:05:05,AM
305803,"Davis, Kshlerin and Reilly",AS-93055,Shirt,9,22.01,198.09,4/8/2014 0:00,3:17:21,AM
563905,"Kerluke, Reilly and Bechtelar",KV-99194,Shirt,10,36.38,363.8,1/2/2014 0:00,1:43:36,PM
304860,Huel-Haag,FK-71853,Shirt,11,63.78,701.58,7/15/2014 0:00,11:58:16,PM
201259,Koelpin PLC,MJ-21460,Shoes,10,56.51,565.1,9/22/2014 0:00,4:34:24,PM
555594,"Ernser, Cruickshank and Lind",AS-93055,Shirt,2,10.47,20.94,4/23/2014 0:00,3:24:21,PM
734922,Berge LLC,GS-86623,Shoes,8,21.39,171.12,3/12/2014 0:00,11:43:23,AM
201259,Koelpin PLC,LL-46261,Shoes,13,26.49,344.37,9/9/2014 0:00,2:59:01,PM
758133,"Kihn, McClure and Denesik",VG-32047,Shirt,20,95.6,1912,10/12/2014 0:00,8:10:43,PM
995267,Cole-Eichmann,LL-46261,Shoes,17,72.91,1239.47,2/26/2014 0:00,4:19:25,PM
659366,Waelchi-Fahey,FK-71853,Shirt,15,89.45,1341.75,9/9/2014 0:00,9:21:01,AM
305803,"Davis, Kshlerin and Reilly",KV-99194,Shirt,4,63.39,253.56,9/15/2014 0:00,6:49:05,PM
305803,"Davis, Kshlerin and Reilly",QN-82852,Belt,15,51.64,774.6,9/7/2014 0:00,2:44:53,AM
115138,Gorczany-Hahn,LW-86841,Shoes,6,72.98,437.88,6/15/2014 0:00,3:34:22,AM
850140,Kunze Inc,MJ-21460,Shoes,8,63.28,506.24,6/21/2014 0:00,9:09:50,PM
555594,"Ernser, Cruickshank and Lind",WJ-02096,Belt,15,63.31,949.65,4/23/2014 0:00,6:25:35,AM
734922,Berge LLC,MJ-21460,Shoes,10,44.59,445.9,5/4/2014 0:00,6:52:20,PM
563905,"Kerluke, Reilly and Bechtelar",LW-86841,Shoes,7,41.87,293.09,12/9/2013 0:00,1:15:23,AM
299771,"Kuphal, Zieme and Kub",LW-86841,Shoes,4,35,140,4/13/2014 0:00,8:37:05,PM
659366,Waelchi-Fahey,WJ-02096,Belt,13,68.39,889.07,11/27/2013 0:00,12:45:23,PM
555594,"Ernser, Cruickshank and Lind",LL-46261,Shoes,8,82.19,657.52,7/19/2014 0:00,1:51:23,PM
296809,Carroll PLC,AS-93055,Shirt,1,58.8,58.8,9/6/2014 0:00,1:00:55,PM
296809,Carroll PLC,QN-82852,Belt,16,27.44,439.04,7/6/2014 0:00,1:23:48,PM
296809,Carroll PLC,MJ-21460,Shoes,14,99.5,1393,6/7/2014 0:00,11:28:22,PM
929400,"Senger, Upton and Breitenberg",MJ-21460,Shoes,3,56.34,169.02,7/13/2014 0:00,9:41:43,AM
995267,Cole-Eichmann,LW-86841,Shoes,9,83.87,754.83,7/28/2014 0:00,1:53:47,AM
296809,Carroll PLC,MJ-21460,Shoes,19,56.63,1075.97,12/8/2013 0:00,2:40:53,AM
711951,Kilback-Gerlach,WJ-02096,Belt,1,56.95,56.95,3/8/2014 0:00,3:50:55,PM
524021,Hegmann and Sons,GS-86623,Shoes,10,31.81,318.1,11/18/2013 0:00,11:11:16,PM
995267,Cole-Eichmann,QN-82852,Belt,13,40.34,524.42,9/8/2014 0:00,2:00:39,PM
758133,"Kihn, McClure and Denesik",GS-86623,Shoes,10,91.59,915.9,3/19/2014 0:00,2:06:11,PM
758133,"Kihn, McClure and Denesik",GS-86623,Shoes,7,95.78,670.46,5/16/2014 0:00,11:44:14,PM
296809,Carroll PLC,LL-46261,Shoes,9,90.91,818.19,10/11/2014 0:00,8:37:05,PM
758133,"Kihn, McClure and Denesik",AS-93055,Shirt,12,24.09,289.08,12/8/2013 0:00,6:53:09,AM
711951,Kilback-Gerlach,LL-46261,Shoes,9,10.81,97.29,12/6/2013 0:00,12:59:43,AM
93356,Waters-Walker,QN-82852,Belt,3,59.61,178.83,8/2/2014 0:00,1:29:11,PM
201259,Koelpin PLC,WJ-02096,Belt,16,16.3,260.8,4/5/2014 0:00,2:00:02,AM
929400,"Senger, Upton and Breitenberg",LL-46261,Shoes,4,23.08,92.32,9/13/2014 0:00,11:34:24,AM
524021,Hegmann and Sons,MJ-21460,Shoes,18,42.01,756.18,11/27/2013 0:00,3:18:14,AM
676847,Hamill-Hackett,LL-46261,Shoes,5,74.02,370.1,11/10/2013 0:00,7:30:39,AM
93356,Waters-Walker,QN-82852,Belt,11,77.66,854.26,3/15/2014 0:00,5:01:26,PM
98022,Heidenreich-Bosco,LL-46261,Shoes,7,14.75,103.25,9/14/2014 0:00,11:53:52,PM
659366,Waelchi-Fahey,LW-86841,Shoes,16,38.75,620,3/20/2014 0:00,5:48:40,AM
929400,"Senger, Upton and Breitenberg",LL-46261,Shoes,13,53.39,694.07,2/26/2014 0:00,3:03:04,PM
676847,Hamill-Hackett,KV-99194,Shirt,1,55.51,55.51,7/15/2014 0:00,5:41:23,PM
305803,"Davis, Kshlerin and Reilly",KV-99194,Shirt,7,16,112,5/5/2014 0:00,9:05:51,PM
850140,Kunze Inc,AS-93055,Shirt,20,63.75,1275,2/9/2014 0:00,10:28:34,AM
201259,Koelpin PLC,GS-86623,Shoes,15,66.78,1001.7,4/29/2014 0:00,8:36:59,PM
93356,Waters-Walker,VG-32047,Shirt,2,75.16,150.32,11/26/2013 0:00,12:30:16,PM
98022,Heidenreich-Bosco,MJ-21460,Shoes,14,34.8,487.2,3/8/2014 0:00,6:35:20,AM
296809,Carroll PLC,QN-82852,Belt,14,14.82,207.48,4/6/2014 0:00,7:17:38,PM
676847,Hamill-Hackett,VG-32047,Shirt,4,88.99,355.96,12/16/2013 0:00,1:09:18,AM
711951,Kilback-Gerlach,LW-86841,Shoes,13,71.43,928.59,4/26/2014 0:00,3:39:28,AM
304860,Huel-Haag,LL-46261,Shoes,6,23.37,140.22,10/22/2013 0:00,10:50:47,PM
711951,Kilback-Gerlach,LL-46261,Shoes,19,30.06,571.14,6/28/2014 0:00,1:20:04,AM
555594,"Ernser, Cruickshank and Lind",QN-82852,Belt,2,74.42,148.84,12/9/2013 0:00,9:10:44,AM
659366,Waelchi-Fahey,QN-82852,Belt,4,38.69,154.76,2/14/2014 0:00,2:42:30,AM
201259,Koelpin PLC,AS-93055,Shirt,3,16.22,48.66,7/11/2014 0:00,8:17:44,AM
296809,Carroll PLC,VG-32047,Shirt,15,63.45,951.75,10/12/2014 0:00,9:08:07,AM
563905,"Kerluke, Reilly and Bechtelar",KV-99194,Shirt,19,78.34,1488.46,9/28/2014 0:00,7:20:15,PM
299771,"Kuphal, Zieme and Kub",KV-99194,Shirt,9,79.63,716.67,2/16/2014 0:00,1:11:09,AM
750461,"Volkman, Goyette and Lemke",LW-86841,Shoes,3,96.59,289.77,1/11/2014 0:00,5:10:44,AM
524021,Hegmann and Sons,WJ-02096,Belt,20,66.27,1325.4,10/5/2014 0:00,1:36:59,AM
115138,Gorczany-Hahn,AS-93055,Shirt,8,16.11,128.88,8/6/2014 0:00,1:09:28,AM
850140,Kunze Inc,FK-71853,Shirt,7,76.23,533.61,11/6/2013 0:00,2:36:22,AM
524021,Hegmann and Sons,LL-46261,Shoes,15,20.61,309.15,5/26/2014 0:00,3:15:30,AM
995267,Cole-Eichmann,GS-86623,Shoes,6,55.05,330.3,12/27/2013 0:00,8:33:09,AM
299771,"Kuphal, Zieme and Kub",LW-86841,Shoes,9,60.33,542.97,9/16/2014 0:00,1:47:08,PM
929400,"Senger, Upton and Breitenberg",QN-82852,Belt,12,96.02,1152.24,4/6/2014 0:00,3:35:41,AM
555594,"Ernser, Cruickshank and Lind",KV-99194,Shirt,16,94.05,1504.8,3/13/2014 0:00,10:14:32,PM
734922,Berge LLC,MJ-21460,Shoes,19,88.62,1683.78,1/29/2014 0:00,6:44:37,AM
850140,Kunze Inc,FK-71853,Shirt,6,38.76,232.56,9/18/2014 0:00,5:56:57,AM
995267,Cole-Eichmann,QN-82852,Belt,10,12.35,123.5,7/5/2014 0:00,1:51:03,AM
299771,"Kuphal, Zieme and Kub",LW-86841,Shoes,3,30.77,92.31,3/1/2014 0:00,2:12:31,AM
659366,Waelchi-Fahey,FK-71853,Shirt,14,23.86,334.04,9/30/2014 0:00,12:37:58,PM
659366,Waelchi-Fahey,WJ-02096,Belt,3,72.43,217.29,10/3/2014 0:00,11:46:12,PM
296809,Carroll PLC,VG-32047,Shirt,10,91.46,914.6,11/24/2013 0:00,8:11:02,AM
850140,Kunze Inc,QN-82852,Belt,19,75.7,1438.3,2/15/2014 0:00,2:11:02,PM
563905,"Kerluke, Reilly and Bechtelar",KV-99194,Shirt,9,95.53,859.77,3/18/2014 0:00,2:35:55,PM
305803,"Davis, Kshlerin and Reilly",AS-93055,Shirt,15,67.57,1013.55,8/2/2014 0:00,12:03:04,PM
93356,Waters-Walker,GS-86623,Shoes,3,99.42,298.26,1/27/2014 0:00,11:30:33,AM
304860,Huel-Haag,MJ-21460,Shoes,9,75.62,680.58,12/18/2013 0:00,2:27:30,PM
305803,"Davis, Kshlerin and Reilly",LL-46261,Shoes,9,84.1,756.9,10/6/2014 0:00,9:13:27,PM
93356,Waters-Walker,LL-46261,Shoes,11,78.54,863.94,12/28/2013 0:00,10:14:49,PM
758133,"Kihn, McClure and Denesik",VG-32047,Shirt,3,67.37,202.11,9/1/2014 0:00,6:40:25,PM
563905,"Kerluke, Reilly and Bechtelar",MJ-21460,Shoes,15,42.96,644.4,4/6/2014 0:00,1:20:57,PM
734922,Berge LLC,LL-46261,Shoes,2,62.32,124.64,3/12/2014 0:00,11:38:47,AM
711951,Kilback-Gerlach,AS-93055,Shirt,7,82.95,580.65,8/5/2014 0:00,11:34:16,AM
201259,Koelpin PLC,WJ-02096,Belt,14,40.79,571.06,1/16/2014 0:00,2:43:35,AM
304860,Huel-Haag,QN-82852,Belt,7,38.58,270.06,8/29/2014 0:00,11:41:16,PM
676847,Hamill-Hackett,FK-71853,Shirt,1,99.97,99.97,5/10/2014 0:00,12:10:10,PM
711951,Kilback-Gerlach,GS-86623,Shoes,11,96.66,1063.26,2/13/2014 0:00,11:43:17,AM
563905,"Kerluke, Reilly and Bechtelar",FK-71853,Shirt,17,75.69,1286.73,11/25/2013 0:00,2:35:28,AM
929400,"Senger, Upton and Breitenberg",QN-82852,Belt,18,42.02,756.36,3/19/2014 0:00,11:24:01,PM
115138,Gorczany-Hahn,WJ-02096,Belt,12,80.25,963,11/6/2013 0:00,5:25:34,AM
929400,"Senger, Upton and Breitenberg",QN-82852,Belt,4,70.28,281.12,1/25/2014 0:00,11:43:12,PM
305803,"Davis, Kshlerin and Reilly",LW-86841,Shoes,5,49.68,248.4,9/20/2014 0:00,5:40:46,PM
299771,"Kuphal, Zieme and Kub",GS-86623,Shoes,14,73.92,1034.88,11/23/2013 0:00,5:48:24,PM
296809,Carroll PLC,WJ-02096,Belt,17,69.41,1179.97,9/11/2014 0:00,2:20:46,AM
850140,Kunze Inc,AS-93055,Shirt,18,87.42,1573.56,5/31/2014 0:00,4:28:20,AM
850140,Kunze Inc,KV-99194,Shirt,20,74.34,1486.8,1/27/2014 0:00,7:42:12,PM
305803,"Davis, Kshlerin and Reilly",VG-32047,Shirt,17,59.12,1005.04,5/11/2014 0:00,6:38:13,AM
850140,Kunze Inc,AS-93055,Shirt,14,77.4,1083.6,8/16/2014 0:00,9:03:22,PM
734922,Berge LLC,LL-46261,Shoes,15,58.85,882.75,8/22/2014 0:00,4:35:06,AM
305803,"Davis, Kshlerin and Reilly",QN-82852,Belt,1,44.77,44.77,2/25/2014 0:00,11:20:59,AM
201259,Koelpin PLC,VG-32047,Shirt,15,26.93,403.95,1/24/2014 0:00,10:23:39,AM
93356,Waters-Walker,MJ-21460,Shoes,12,95.96,1151.52,6/12/2014 0:00,12:58:43,AM
299771,"Kuphal, Zieme and Kub",AS-93055,Shirt,8,31.12,248.96,12/3/2013 0:00,2:12:26,PM
563905,"Kerluke, Reilly and Bechtelar",GS-86623,Shoes,7,83.84,586.88,10/20/2014 0:00,5:47:49,AM
563905,"Kerluke, Reilly and Bechtelar",LW-86841,Shoes,4,19.86,79.44,11/30/2013 0:00,4:47:24,PM
299771,"Kuphal, Zieme and Kub",FK-71853,Shirt,3,77.07,231.21,6/14/2014 0:00,5:54:02,PM
734922,Berge LLC,LW-86841,Shoes,15,46.94,704.1,5/23/2014 0:00,1:09:21,PM
711951,Kilback-Gerlach,FK-71853,Shirt,11,39.02,429.22,12/8/2013 0:00,2:04:38,PM
734922,Berge LLC,VG-32047,Shirt,2,33.92,67.84,6/27/2014 0:00,3:53:05,PM
299771,"Kuphal, Zieme and Kub",FK-71853,Shirt,11,81.22,893.42,12/1/2013 0:00,5:10:26,AM
201259,Koelpin PLC,QN-82852,Belt,2,25.42,50.84,3/21/2014 0:00,5:57:32,PM
563905,"Kerluke, Reilly and Bechtelar",LW-86841,Shoes,4,59.07,236.28,4/7/2014 0:00,8:54:29,AM
304860,Huel-Haag,KV-99194,Shirt,15,50.2,753,12/29/2013 0:00,2:24:05,PM
305803,"Davis, Kshlerin and Reilly",LW-86841,Shoes,3,24.83,74.49,5/20/2014 0:00,3:22:35,PM
201259,Koelpin PLC,MJ-21460,Shoes,12,89.95,1079.4,12/28/2013 0:00,4:19:22,PM
758133,"Kihn, McClure and Denesik",LW-86841,Shoes,4,67.14,268.56,1/30/2014 0:00,10:21:27,AM
524021,Hegmann and Sons,FK-71853,Shirt,8,22.67,181.36,12/30/2013 0:00,2:16:13,PM
758133,"Kihn, McClure and Denesik",AS-93055,Shirt,6,50.19,301.14,4/26/2014 0:00,10:58:25,PM
734922,Berge LLC,KV-99194,Shirt,7,46.71,326.97,6/15/2014 0:00,3:52:58,PM
659366,Waelchi-Fahey,FK-71853,Shirt,17,75.46,1282.82,11/17/2013 0:00,3:36:57,PM
750461,"Volkman, Goyette and Lemke",FK-71853,Shirt,13,23.73,308.49,1/11/2014 0:00,12:21:50,PM
711951,Kilback-Gerlach,QN-82852,Belt,11,71.02,781.22,1/14/2014 0:00,6:43:44,PM
734922,Berge LLC,MJ-21460,Shoes,15,77.1,1156.5,12/7/2013 0:00,11:53:40,AM
758133,"Kihn, McClure and Denesik",LW-86841,Shoes,3,39.99,119.97,11/13/2013 0:00,2:00:22,AM
201259,Koelpin PLC,QN-82852,Belt,14,95.77,1340.78,5/4/2014 0:00,10:45:11,AM
850140,Kunze Inc,GS-86623,Shoes,14,13.93,195.02,1/23/2014 0:00,5:49:03,PM
555594,"Ernser, Cruickshank and Lind",MJ-21460,Shoes,15,42.09,631.35,10/17/2014 0:00,3:56:02,AM
201259,Koelpin PLC,VG-32047,Shirt,5,60.51,302.55,10/22/2014 0:00,7:16:46,AM
296809,Carroll PLC,GS-86623,Shoes,5,41.58,207.9,3/29/2014 0:00,8:13:19,AM
734922,Berge LLC,QN-82852,Belt,12,89.48,1073.76,5/23/2014 0:00,6:43:54,AM
850140,Kunze Inc,MJ-21460,Shoes,2,18.29,36.58,1/16/2014 0:00,8:23:03,PM
304860,Huel-Haag,WJ-02096,Belt,1,23.12,23.12,10/17/2014 0:00,8:09:53,PM
659366,Waelchi-Fahey,MJ-21460,Shoes,14,53.6,750.4,9/14/2014 0:00,11:01:14,AM
750461,"Volkman, Goyette and Lemke",MJ-21460,Shoes,16,72.41,1158.56,9/19/2014 0:00,9:41:12,PM
201259,Koelpin PLC,MJ-21460,Shoes,5,33.2,166,9/4/2014 0:00,11:45:59,PM
563905,"Kerluke, Reilly and Bechtelar",VG-32047,Shirt,20,14.99,299.8,6/1/2014 0:00,8:29:08,PM
929400,"Senger, Upton and Breitenberg",QN-82852,Belt,3,45.6,136.8,12/21/2013 0:00,4:01:40,AM
750461,"Volkman, Goyette and Lemke",AS-93055,Shirt,18,80.7,1452.6,5/9/2014 0:00,11:51:49,PM
734922,Berge LLC,MJ-21460,Shoes,4,15.22,60.88,11/15/2013 0:00,7:17:16,AM
734922,Berge LLC,LL-46261,Shoes,13,53.11,690.43,8/29/2014 0:00,4:34:09,PM
115138,Gorczany-Hahn,QN-82852,Belt,1,90.21,90.21,1/30/2014 0:00,5:16:08,PM
676847,Hamill-Hackett,VG-32047,Shirt,4,76.81,307.24,9/6/2014 0:00,8:28:27,PM
98022,Heidenreich-Bosco,AS-93055,Shirt,17,61.31,1042.27,3/19/2014 0:00,2:46:57,AM
524021,Hegmann and Sons,FK-71853,Shirt,7,33,231,2/4/2014 0:00,7:29:41,PM
995267,Cole-Eichmann,QN-82852,Belt,4,36.62,146.48,8/11/2014 0:00,11:29:08,PM
758133,"Kihn, McClure and Denesik",LW-86841,Shoes,10,72.1,721,7/19/2014 0:00,4:40:01,PM
524021,Hegmann and Sons,AS-93055,Shirt,18,23.74,427.32,6/18/2014 0:00,6:31:15,AM
750461,"Volkman, Goyette and Lemke",LL-46261,Shoes,6,51.13,306.78,6/13/2014 0:00,9:32:57,PM
93356,Waters-Walker,FK-71853,Shirt,17,58.55,995.35,5/4/2014 0:00,11:02:26,PM
299771,"Kuphal, Zieme and Kub",MJ-21460,Shoes,6,54.27,325.62,5/15/2014 0:00,7:28:27,PM
305803,"Davis, Kshlerin and Reilly",LL-46261,Shoes,13,77.78,1011.14,11/30/2013 0:00,5:23:21,PM
201259,Koelpin PLC,QN-82852,Belt,8,69.58,556.64,4/3/2014 0:00,1:34:49,AM
676847,Hamill-Hackett,LW-86841,Shoes,10,67.36,673.6,7/15/2014 0:00,4:34:11,AM
299771,"Kuphal, Zieme and Kub",LL-46261,Shoes,15,16.55,248.25,1/9/2014 0:00,5:51:49,PM
929400,"Senger, Upton and Breitenberg",MJ-21460,Shoes,16,99.13,1586.08,9/26/2014 0:00,10:54:06,AM
995267,Cole-Eichmann,QN-82852,Belt,17,69.11,1174.87,9/23/2014 0:00,5:58:41,AM
563905,"Kerluke, Reilly and Bechtelar",AS-93055,Shirt,12,81.57,978.84,9/25/2014 0:00,2:09:16,PM
563905,"Kerluke, Reilly and Bechtelar",FK-71853,Shirt,20,62.12,1242.4,7/1/2014 0:00,10:14:25,PM
734922,Berge LLC,VG-32047,Shirt,4,96.25,385,7/9/2014 0:00,7:18:49,PM
98022,Heidenreich-Bosco,LL-46261,Shoes,18,71.34,1284.12,11/17/2013 0:00,12:18:08,AM
711951,Kilback-Gerlach,QN-82852,Belt,19,33.1,628.9,3/4/2014 0:00,7:23:35,AM
296809,Carroll PLC,WJ-02096,Belt,15,38.73,580.95,2/3/2014 0:00,3:57:26,AM
929400,"Senger, Upton and Breitenberg",VG-32047,Shirt,17,43.1,732.7,8/19/2014 0:00,11:22:06,AM
296809,Carroll PLC,WJ-02096,Belt,16,91.09,1457.44,3/18/2014 0:00,11:14:03,PM
524021,Hegmann and Sons,LW-86841,Shoes,13,60.72,789.36,1/18/2014 0:00,10:40:14,PM
201259,Koelpin PLC,QN-82852,Belt,3,64.13,192.39,8/7/2014 0:00,3:28:03,PM
758133,"Kihn, McClure and Denesik",GS-86623,Shoes,14,40.86,572.04,8/21/2014 0:00,8:07:56,AM
676847,Hamill-Hackett,LW-86841,Shoes,1,73.74,73.74,9/4/2014 0:00,10:46:25,AM
305803,"Davis, Kshlerin and Reilly",VG-32047,Shirt,6,26.4,158.4,9/4/2014 0:00,9:18:54,AM
850140,Kunze Inc,MJ-21460,Shoes,19,36.32,690.08,8/10/2014 0:00,8:15:29,PM
676847,Hamill-Hackett,LL-46261,Shoes,17,10.96,186.32,1/19/2014 0:00,10:01:00,PM
115138,Gorczany-Hahn,FK-71853,Shirt,17,88.39,1502.63,7/31/2014 0:00,12:28:26,PM
98022,Heidenreich-Bosco,VG-32047,Shirt,20,94,1880,5/31/2014 0:00,10:53:56,PM
555594,"Ernser, Cruickshank and Lind",LW-86841,Shoes,4,34.42,137.68,10/10/2014 0:00,6:54:24,PM
299771,"Kuphal, Zieme and Kub",GS-86623,Shoes,14,68.25,955.5,3/16/2014 0:00,9:35:20,PM
299771,"Kuphal, Zieme and Kub",LW-86841,Shoes,5,89.36,446.8,6/8/2014 0:00,2:33:12,PM
758133,"Kihn, McClure and Denesik",KV-99194,Shirt,3,44.37,133.11,4/23/2014 0:00,12:05:25,PM
850140,Kunze Inc,VG-32047,Shirt,11,69.2,761.2,3/14/2014 0:00,3:16:51,AM
555594,"Ernser, Cruickshank and Lind",QN-82852,Belt,12,92.94,1115.28,10/10/2014 0:00,6:02:37,PM
995267,Cole-Eichmann,VG-32047,Shirt,4,54.2,216.8,8/28/2014 0:00,6:28:19,AM
676847,Hamill-Hackett,QN-82852,Belt,3,42.71,128.13,6/9/2014 0:00,12:21:47,PM
929400,"Senger, Upton and Breitenberg",KV-99194,Shirt,4,81.46,325.84,10/25/2013 0:00,4:52:01,PM
98022,Heidenreich-Bosco,MJ-21460,Shoes,9,22.08,198.72,1/21/2014 0:00,5:08:12,AM
305803,"Davis, Kshlerin and Reilly",AS-93055,Shirt,8,98.01,784.08,4/11/2014 0:00,8:23:07,AM
750461,"Volkman, Goyette and Lemke",WJ-02096,Belt,13,83.6,1086.8,8/19/2014 0:00,8:42:22,PM
98022,Heidenreich-Bosco,MJ-21460,Shoes,1,82.28,82.28,10/5/2014 0:00,8:28:30,AM
676847,Hamill-Hackett,AS-93055,Shirt,16,44.38,710.08,9/16/2014 0:00,5:22:44,AM
93356,Waters-Walker,MJ-21460,Shoes,5,54.96,274.8,11/18/2013 0:00,7:41:31,PM
299771,"Kuphal, Zieme and Kub",VG-32047,Shirt,7,97.85,684.95,3/2/2014 0:00,9:47:35,PM
929400,"Senger, Upton and Breitenberg",QN-82852,Belt,11,12.27,134.97,1/15/2014 0:00,7:26:27,AM
563905,"Kerluke, Reilly and Bechtelar",LL-46261,Shoes,8,83.88,671.04,7/3/2014 0:00,1:24:21,PM
929400,"Senger, Upton and Breitenberg",QN-82852,Belt,2,31.18,62.36,9/21/2014 0:00,3:36:32,AM
524021,Hegmann and Sons,WJ-02096,Belt,13,15.28,198.64,7/26/2014 0:00,2:07:00,PM
711951,Kilback-Gerlach,QN-82852,Belt,14,40.48,566.72,7/10/2014 0:00,6:12:22,AM
563905,"Kerluke, Reilly and Bechtelar",LW-86841,Shoes,5,38.73,193.65,4/26/2014 0:00,11:51:54,AM
201259,Koelpin PLC,GS-86623,Shoes,5,23.38,116.9,7/26/2014 0:00,9:33:15,AM
711951,Kilback-Gerlach,LL-46261,Shoes,1,54.04,54.04,6/9/2014 0:00,8:05:03,PM
734922,Berge LLC,WJ-02096,Belt,17,25.26,429.42,6/16/2014 0:00,10:03:35,AM
850140,Kunze Inc,GS-86623,Shoes,3,46,138,10/25/2013 0:00,11:42:04,AM
676847,Hamill-Hackett,GS-86623,Shoes,8,34.76,278.08,11/19/2013 0:00,2:20:09,AM
734922,Berge LLC,VG-32047,Shirt,1,93.1,93.1,12/25/2013 0:00,10:00:14,AM
555594,"Ernser, Cruickshank and Lind",KV-99194,Shirt,10,23.43,234.3,8/20/2014 0:00,4:25:05,PM
305803,"Davis, Kshlerin and Reilly",WJ-02096,Belt,7,41.77,292.39,10/21/2014 0:00,5:51:47,AM
676847,Hamill-Hackett,QN-82852,Belt,11,53.13,584.43,9/24/2014 0:00,2:05:24,AM
711951,Kilback-Gerlach,LW-86841,Shoes,9,90.02,810.18,8/22/2014 0:00,1:18:26,PM
676847,Hamill-Hackett,KV-99194,Shirt,14,37.64,526.96,2/15/2014 0:00,6:51:00,AM
299771,"Kuphal, Zieme and Kub",KV-99194,Shirt,18,50.99,917.82,2/20/2014 0:00,5:55:31,AM
296809,Carroll PLC,VG-32047,Shirt,9,67.68,609.12,5/22/2014 0:00,5:51:16,AM
299771,"Kuphal, Zieme and Kub",AS-93055,Shirt,18,19.01,342.18,11/14/2013 0:00,11:33:02,AM
659366,Waelchi-Fahey,MJ-21460,Shoes,15,19.62,294.3,11/24/2013 0:00,11:33:56,PM
659366,Waelchi-Fahey,WJ-02096,Belt,14,75.49,1056.86,2/18/2014 0:00,2:07:31,AM
305803,"Davis, Kshlerin and Reilly",WJ-02096,Belt,1,69.57,69.57,12/21/2013 0:00,4:04:44,PM
115138,Gorczany-Hahn,WJ-02096,Belt,6,95.08,570.48,2/1/2014 0:00,1:28:20,AM
305803,"Davis, Kshlerin and Reilly",GS-86623,Shoes,17,20.45,347.65,8/30/2014 0:00,3:56:20,AM
305803,"Davis, Kshlerin and Reilly",QN-82852,Belt,4,85.3,341.2,10/17/2014 0:00,1:18:21,PM
304860,Huel-Haag,VG-32047,Shirt,16,63.97,1023.52,2/6/2014 0:00,7:14:35,PM
299771,"Kuphal, Zieme and Kub",GS-86623,Shoes,1,93.72,93.72,9/30/2014 0:00,9:16:18,AM
758133,"Kihn, McClure and Denesik",AS-93055,Shirt,12,64.09,769.08,4/22/2014 0:00,2:36:05,PM
93356,Waters-Walker,LW-86841,Shoes,16,16.59,265.44,9/7/2014 0:00,2:26:24,AM
115138,Gorczany-Hahn,WJ-02096,Belt,3,52.57,157.71,8/15/2014 0:00,1:23:42,PM
929400,"Senger, Upton and Breitenberg",VG-32047,Shirt,1,34.4,34.4,5/19/2014 0:00,8:50:19,PM
93356,Waters-Walker,VG-32047,Shirt,13,45.97,597.61,7/5/2014 0:00,8:56:46,AM
296809,Carroll PLC,LL-46261,Shoes,10,37.4,374,5/5/2014 0:00,5:17:28,AM
750461,"Volkman, Goyette and Lemke",LW-86841,Shoes,14,15.58,218.12,12/23/2013 0:00,9:32:05,PM
995267,Cole-Eichmann,AS-93055,Shirt,11,45.24,497.64,8/6/2014 0:00,1:25:27,AM
734922,Berge LLC,GS-86623,Shoes,9,30.49,274.41,3/2/2014 0:00,1:04:07,PM
758133,"Kihn, McClure and Denesik",KV-99194,Shirt,18,90.84,1635.12,2/1/2014 0:00,9:38:06,PM
659366,Waelchi-Fahey,GS-86623,Shoes,1,38.2,38.2,11/23/2013 0:00,3:45:41,PM
850140,Kunze Inc,QN-82852,Belt,8,72.29,578.32,2/15/2014 0:00,9:05:44,PM
850140,Kunze Inc,MJ-21460,Shoes,20,61.03,1220.6,12/23/2013 0:00,11:07:45,PM
299771,"Kuphal, Zieme and Kub",KV-99194,Shirt,18,77.66,1397.88,10/18/2014 0:00,6:07:37,PM
929400,"Senger, Upton and Breitenberg",VG-32047,Shirt,10,16.01,160.1,5/7/2014 0:00,8:02:28,PM
676847,Hamill-Hackett,LW-86841,Shoes,9,61.42,552.78,10/16/2014 0:00,12:50:55,PM
304860,Huel-Haag,VG-32047,Shirt,17,64.75,1100.75,9/13/2014 0:00,2:51:49,AM
296809,Carroll PLC,KV-99194,Shirt,16,50.36,805.76,1/3/2014 0:00,7:56:48,AM
305803,"Davis, Kshlerin and Reilly",VG-32047,Shirt,4,64.91,259.64,2/20/2014 0:00,8:48:46,PM
758133,"Kihn, McClure and Denesik",KV-99194,Shirt,16,65,1040,5/14/2014 0:00,5:57:45,PM
305803,"Davis, Kshlerin and Reilly",GS-86623,Shoes,6,57.28,343.68,4/9/2014 0:00,3:32:28,PM
676847,Hamill-Hackett,VG-32047,Shirt,3,71.55,214.65,2/16/2014 0:00,4:42:01,AM
995267,Cole-Eichmann,VG-32047,Shirt,4,37.74,150.96,3/21/2014 0:00,8:21:18,AM
201259,Koelpin PLC,QN-82852,Belt,12,41.57,498.84,5/22/2014 0:00,8:56:14,AM
659366,Waelchi-Fahey,QN-82852,Belt,13,59.59,774.67,12/4/2013 0:00,4:11:33,AM
524021,Hegmann and Sons,FK-71853,Shirt,20,62.71,1254.2,3/6/2014 0:00,10:55:08,PM
115138,Gorczany-Hahn,GS-86623,Shoes,16,37.88,606.08,12/5/2013 0:00,7:33:43,AM
750461,"Volkman, Goyette and Lemke",LW-86841,Shoes,20,83.1,1662,9/14/2014 0:00,6:26:11,PM
555594,"Ernser, Cruickshank and Lind",WJ-02096,Belt,10,11.81,118.1,3/13/2014 0:00,12:31:33,AM
929400,"Senger, Upton and Breitenberg",MJ-21460,Shoes,20,59.1,1182,10/2/2014 0:00,5:30:08,AM
563905,"Kerluke, Reilly and Bechtelar",QN-82852,Belt,8,60.7,485.6,4/1/2014 0:00,1:03:54,PM
659366,Waelchi-Fahey,WJ-02096,Belt,1,42.83,42.83,11/5/2013 0:00,5:06:14,AM
734922,Berge LLC,QN-82852,Belt,17,76.13,1294.21,11/25/2013 0:00,2:33:27,PM
201259,Koelpin PLC,FK-71853,Shirt,4,41.09,164.36,8/24/2014 0:00,8:22:11,PM
659366,Waelchi-Fahey,GS-86623,Shoes,12,32.84,394.08,9/13/2014 0:00,3:23:40,PM
296809,Carroll PLC,VG-32047,Shirt,5,10.81,54.05,8/28/2014 0:00,12:56:58,AM
115138,Gorczany-Hahn,LL-46261,Shoes,1,26.19,26.19,1/10/2014 0:00,5:09:07,AM
115138,Gorczany-Hahn,LL-46261,Shoes,12,48.63,583.56,9/17/2014 0:00,6:25:26,AM
305803,"Davis, Kshlerin and Reilly",LL-46261,Shoes,5,51.82,259.1,1/8/2014 0:00,2:36:38,AM
750461,"Volkman, Goyette and Lemke",LW-86841,Shoes,7,53.36,373.52,6/2/2014 0:00,7:58:55,PM
711951,Kilback-Gerlach,KV-99194,Shirt,5,56.33,281.65,9/6/2014 0:00,1:57:32,AM
304860,Huel-Haag,AS-93055,Shirt,11,79.58,875.38,11/21/2013 0:00,4:46:33,AM
734922,Berge LLC,FK-71853,Shirt,7,58.95,412.65,3/14/2014 0:00,4:16:55,AM
850140,Kunze Inc,MJ-21460,Shoes,9,78.44,705.96,12/18/2013 0:00,5:23:54,PM
995267,Cole-Eichmann,WJ-02096,Belt,15,54.77,821.55,11/14/2013 0:00,11:15:21,AM
98022,Heidenreich-Bosco,GS-86623,Shoes,15,73.45,1101.75,1/3/2014 0:00,12:09:44,PM
929400,"Senger, Upton and Breitenberg",LL-46261,Shoes,14,21.01,294.14,1/1/2014 0:00,12:15:37,AM
524021,Hegmann and Sons,FK-71853,Shirt,15,45.99,689.85,1/21/2014 0:00,2:40:49,PM
524021,Hegmann and Sons,LW-86841,Shoes,11,89.8,987.8,3/14/2014 0:00,6:17:28,AM
734922,Berge LLC,FK-71853,Shirt,4,63.74,254.96,8/31/2014 0:00,7:57:31,PM
296809,Carroll PLC,KV-99194,Shirt,9,36.35,327.15,1/17/2014 0:00,10:03:57,PM
299771,"Kuphal, Zieme and Kub",MJ-21460,Shoes,13,55.99,727.87,12/27/2013 0:00,8:36:12,AM
296809,Carroll PLC,FK-71853,Shirt,4,12.28,49.12,4/3/2014 0:00,6:43:35,AM
659366,Waelchi-Fahey,WJ-02096,Belt,10,64.42,644.2,9/5/2014 0:00,3:46:20,AM
563905,"Kerluke, Reilly and Bechtelar",LL-46261,Shoes,5,29.87,149.35,8/2/2014 0:00,12:25:56,AM
305803,"Davis, Kshlerin and Reilly",GS-86623,Shoes,13,66.85,869.05,11/19/2013 0:00,7:26:52,AM
299771,"Kuphal, Zieme and Kub",LL-46261,Shoes,5,13.07,65.35,8/30/2014 0:00,4:09:41,AM
563905,"Kerluke, Reilly and Bechtelar",QN-82852,Belt,5,56.63,283.15,10/13/2014 0:00,2:27:35,AM
750461,"Volkman, Goyette and Lemke",FK-71853,Shirt,19,89.14,1693.66,11/14/2013 0:00,6:25:50,PM
524021,Hegmann and Sons,LW-86841,Shoes,5,67.31,336.55,12/16/2013 0:00,9:59:38,AM
555594,"Ernser, Cruickshank and Lind",KV-99194,Shirt,17,11.24,191.08,4/25/2014 0:00,3:37:03,PM
524021,Hegmann and Sons,AS-93055,Shirt,10,73.82,738.2,10/22/2014 0:00,4:43:23,AM
850140,Kunze Inc,QN-82852,Belt,15,11.74,176.1,1/9/2014 0:00,4:36:36,AM
524021,Hegmann and Sons,LL-46261,Shoes,5,83.98,419.9,5/24/2014 0:00,8:18:52,PM
555594,"Ernser, Cruickshank and Lind",KV-99194,Shirt,6,63.4,380.4,12/9/2013 0:00,7:01:44,PM
758133,"Kihn, McClure and Denesik",VG-32047,Shirt,15,80.59,1208.85,10/5/2014 0:00,6:13:24,PM
758133,"Kihn, McClure and Denesik",AS-93055,Shirt,19,31.41,596.79,5/9/2014 0:00,11:00:05,AM
296809,Carroll PLC,WJ-02096,Belt,9,61.39,552.51,7/15/2014 0:00,1:04:50,PM
750461,"Volkman, Goyette and Lemke",LL-46261,Shoes,15,96,1440,10/21/2014 0:00,3:04:18,PM
929400,"Senger, Upton and Breitenberg",WJ-02096,Belt,12,94.51,1134.12,7/26/2014 0:00,7:44:53,AM
305803,"Davis, Kshlerin and Reilly",KV-99194,Shirt,15,18.07,271.05,5/24/2014 0:00,5:33:35,AM
659366,Waelchi-Fahey,MJ-21460,Shoes,13,74.07,962.91,1/13/2014 0:00,12:18:04,PM
995267,Cole-Eichmann,FK-71853,Shirt,16,88.32,1413.12,6/17/2014 0:00,10:27:38,PM
929400,"Senger, Upton and Breitenberg",WJ-02096,Belt,4,77.19,308.76,4/3/2014 0:00,7:08:57,PM
98022,Heidenreich-Bosco,GS-86623,Shoes,18,58.56,1054.08,8/25/2014 0:00,5:52:34,PM
305803,"Davis, Kshlerin and Reilly",MJ-21460,Shoes,12,81.42,977.04,7/9/2014 0:00,1:58:55,PM
850140,Kunze Inc,AS-93055,Shirt,3,68.9,206.7,9/13/2014 0:00,1:40:40,AM
995267,Cole-Eichmann,QN-82852,Belt,19,39.75,755.25,5/23/2014 0:00,3:58:55,PM
93356,Waters-Walker,KV-99194,Shirt,11,83.22,915.42,1/3/2014 0:00,7:04:02,PM
750461,"Volkman, Goyette and Lemke",QN-82852,Belt,19,17.25,327.75,2/8/2014 0:00,2:06:56,PM
659366,Waelchi-Fahey,QN-82852,Belt,7,41.7,291.9,1/14/2014 0:00,10:56:55,PM
524021,Hegmann and Sons,MJ-21460,Shoes,20,44.56,891.2,2/11/2014 0:00,11:05:35,AM
201259,Koelpin PLC,WJ-02096,Belt,4,15.24,60.96,9/12/2014 0:00,6:29:42,AM
115138,Gorczany-Hahn,KV-99194,Shirt,1,66.03,66.03,3/6/2014 0:00,7:04:47,PM
995267,Cole-Eichmann,LL-46261,Shoes,8,95.99,767.92,2/28/2014 0:00,6:46:39,AM
711951,Kilback-Gerlach,WJ-02096,Belt,18,18.29,329.22,5/28/2014 0:00,10:39:07,AM
929400,"Senger, Upton and Breitenberg",WJ-02096,Belt,1,50.58,50.58,1/10/2014 0:00,1:35:58,AM
995267,Cole-Eichmann,WJ-02096,Belt,6,47.21,283.26,1/27/2014 0:00,3:50:35,PM
750461,"Volkman, Goyette and Lemke",VG-32047,Shirt,3,82.06,246.18,3/14/2014 0:00,5:54:57,PM
563905,"Kerluke, Reilly and Bechtelar",LW-86841,Shoes,18,36.32,653.76,3/25/2014 0:00,3:08:27,PM
850140,Kunze Inc,QN-82852,Belt,10,45.33,453.3,10/23/2013 0:00,12:45:16,AM
296809,Carroll PLC,VG-32047,Shirt,18,30.34,546.12,6/21/2014 0:00,11:50:51,AM
995267,Cole-Eichmann,WJ-02096,Belt,14,23.57,329.98,4/11/2014 0:00,11:10:59,PM
929400,"Senger, Upton and Breitenberg",GS-86623,Shoes,14,16.78,234.92,4/15/2014 0:00,12:55:47,AM
929400,"Senger, Upton and Breitenberg",VG-32047,Shirt,4,92.05,368.2,11/20/2013 0:00,5:39:53,PM
563905,"Kerluke, Reilly and Bechtelar",MJ-21460,Shoes,6,25.35,152.1,2/21/2014 0:00,12:43:26,AM
850140,Kunze Inc,VG-32047,Shirt,13,28.29,367.77,5/14/2014 0:00,11:34:59,AM
750461,"Volkman, Goyette and Lemke",LL-46261,Shoes,6,70.64,423.84,4/13/2014 0:00,10:46:26,AM
304860,Huel-Haag,KV-99194,Shirt,7,32.91,230.37,3/21/2014 0:00,2:07:18,AM
201259,Koelpin PLC,WJ-02096,Belt,10,31.82,318.2,5/10/2014 0:00,12:48:18,PM
676847,Hamill-Hackett,FK-71853,Shirt,12,74.47,893.64,3/22/2014 0:00,12:45:00,AM
676847,Hamill-Hackett,LW-86841,Shoes,6,72.92,437.52,4/30/2014 0:00,1:50:54,PM
995267,Cole-Eichmann,AS-93055,Shirt,14,70.03,980.42,12/31/2013 0:00,9:37:47,AM
93356,Waters-Walker,KV-99194,Shirt,19,47.53,903.07,3/10/2014 0:00,4:34:16,PM
929400,"Senger, Upton and Breitenberg",AS-93055,Shirt,5,82.05,410.25,12/3/2013 0:00,12:28:55,PM
711951,Kilback-Gerlach,LW-86841,Shoes,16,99.65,1594.4,10/6/2014 0:00,11:33:32,PM
734922,Berge LLC,FK-71853,Shirt,17,49.12,835.04,2/24/2014 0:00,8:49:28,PM
676847,Hamill-Hackett,LL-46261,Shoes,6,52.06,312.36,2/4/2014 0:00,7:46:55,PM
305803,"Davis, Kshlerin and Reilly",KV-99194,Shirt,13,71.7,932.1,7/8/2014 0:00,1:00:22,AM
305803,"Davis, Kshlerin and Reilly",MJ-21460,Shoes,3,37.34,112.02,11/12/2013 0:00,1:13:29,AM
304860,Huel-Haag,WJ-02096,Belt,20,58.52,1170.4,11/21/2013 0:00,6:37:52,PM
299771,"Kuphal, Zieme and Kub",LL-46261,Shoes,16,18.08,289.28,12/12/2013 0:00,12:31:40,AM
98022,Heidenreich-Bosco,GS-86623,Shoes,6,81.7,490.2,10/4/2014 0:00,4:06:25,PM
929400,"Senger, Upton and Breitenberg",FK-71853,Shirt,13,89.53,1163.89,8/11/2014 0:00,4:47:07,PM
299771,"Kuphal, Zieme and Kub",AS-93055,Shirt,7,24.63,172.41,1/28/2014 0:00,6:58:01,PM
305803,"Davis, Kshlerin and Reilly",GS-86623,Shoes,10,73.08,730.8,10/29/2013 0:00,5:00:22,PM
929400,"Senger, Upton and Breitenberg",WJ-02096,Belt,12,52.24,626.88,2/22/2014 0:00,12:09:48,AM
524021,Hegmann and Sons,QN-82852,Belt,4,84.72,338.88,10/22/2013 0:00,1:54:50,PM
299771,"Kuphal, Zieme and Kub",VG-32047,Shirt,13,37.56,488.28,11/10/2013 0:00,6:24:28,AM
929400,"Senger, Upton and Breitenberg",AS-93055,Shirt,18,22.98,413.64,6/2/2014 0:00,2:24:05,PM
995267,Cole-Eichmann,MJ-21460,Shoes,2,79.87,159.74,8/15/2014 0:00,4:36:37,AM
93356,Waters-Walker,KV-99194,Shirt,7,59.5,416.5,4/29/2014 0:00,12:04:58,PM
659366,Waelchi-Fahey,WJ-02096,Belt,14,67.01,938.14,12/13/2013 0:00,3:04:13,PM
201259,Koelpin PLC,MJ-21460,Shoes,5,61.76,308.8,10/30/2013 0:00,4:16:24,AM
750461,"Volkman, Goyette and Lemke",MJ-21460,Shoes,7,33.16,232.12,8/25/2014 0:00,5:45:04,AM
299771,"Kuphal, Zieme and Kub",GS-86623,Shoes,1,77.22,77.22,1/21/2014 0:00,12:40:40,PM
296809,Carroll PLC,WJ-02096,Belt,8,55.69,445.52,1/2/2014 0:00,9:35:10,PM
304860,Huel-Haag,AS-93055,Shirt,13,72.75,945.75,11/2/2013 0:00,6:09:13,AM
304860,Huel-Haag,GS-86623,Shoes,20,71.91,1438.2,2/14/2014 0:00,2:11:56,AM
758133,"Kihn, McClure and Denesik",KV-99194,Shirt,2,58.02,116.04,5/28/2014 0:00,12:51:31,AM
296809,Carroll PLC,AS-93055,Shirt,19,78.72,1495.68,8/1/2014 0:00,1:54:15,PM
850140,Kunze Inc,FK-71853,Shirt,8,44.56,356.48,10/1/2014 0:00,1:21:06,PM
711951,Kilback-Gerlach,LW-86841,Shoes,19,92.34,1754.46,5/13/2014 0:00,3:41:20,AM
758133,"Kihn, McClure and Denesik",GS-86623,Shoes,12,19.81,237.72,10/12/2014 0:00,12:33:27,PM
563905,"Kerluke, Reilly and Bechtelar",QN-82852,Belt,2,29.15,58.3,12/29/2013 0:00,6:05:11,AM
758133,"Kihn, McClure and Denesik",VG-32047,Shirt,8,71.71,573.68,6/15/2014 0:00,11:49:22,PM
93356,Waters-Walker,GS-86623,Shoes,13,52.61,683.93,1/31/2014 0:00,10:14:51,AM
711951,Kilback-Gerlach,MJ-21460,Shoes,4,90.75,363,10/27/2013 0:00,10:03:05,PM
659366,Waelchi-Fahey,MJ-21460,Shoes,3,50.33,150.99,2/25/2014 0:00,5:11:55,AM
98022,Heidenreich-Bosco,VG-32047,Shirt,6,96.02,576.12,12/25/2013 0:00,6:02:41,PM
201259,Koelpin PLC,KV-99194,Shirt,14,66.37,929.18,11/5/2013 0:00,1:34:42,PM
676847,Hamill-Hackett,LL-46261,Shoes,3,59.85,179.55,10/26/2013 0:00,4:33:08,AM
524021,Hegmann and Sons,FK-71853,Shirt,2,66.63,133.26,12/7/2013 0:00,4:15:11,AM
734922,Berge LLC,AS-93055,Shirt,8,94.37,754.96,12/31/2013 0:00,1:14:11,AM
734922,Berge LLC,MJ-21460,Shoes,2,37.1,74.2,10/4/2014 0:00,6:30:12,PM
659366,Waelchi-Fahey,QN-82852,Belt,1,78.95,78.95,9/1/2014 0:00,4:34:57,AM
659366,Waelchi-Fahey,FK-71853,Shirt,7,76.57,535.99,9/1/2014 0:00,9:04:49,PM
201259,Koelpin PLC,AS-93055,Shirt,10,43.97,439.7,10/3/2014 0:00,5:04:10,PM
676847,Hamill-Hackett,VG-32047,Shirt,6,59,354,8/26/2014 0:00,2:03:17,AM
850140,Kunze Inc,GS-86623,Shoes,4,17.63,70.52,11/6/2013 0:00,3:35:14,PM
555594,"Ernser, Cruickshank and Lind",AS-93055,Shirt,12,40.03,480.36,9/18/2014 0:00,2:54:50,AM
115138,Gorczany-Hahn,VG-32047,Shirt,1,61.73,61.73,12/19/2013 0:00,5:37:56,AM
563905,"Kerluke, Reilly and Bechtelar",VG-32047,Shirt,9,38.76,348.84,11/18/2013 0:00,6:59:05,PM
750461,"Volkman, Goyette and Lemke",AS-93055,Shirt,15,35.73,535.95,7/29/2014 0:00,1:03:54,PM
299771,"Kuphal, Zieme and Kub",KV-99194,Shirt,7,80.19,561.33,5/22/2014 0:00,7:55:43,AM
929400,"Senger, Upton and Breitenberg",LL-46261,Shoes,14,12.35,172.9,2/28/2014 0:00,10:45:43,AM
98022,Heidenreich-Bosco,QN-82852,Belt,20,38.39,767.8,11/18/2013 0:00,10:22:57,PM
734922,Berge LLC,QN-82852,Belt,11,60.05,660.55,9/28/2014 0:00,12:19:39,PM
758133,"Kihn, McClure and Denesik",LW-86841,Shoes,15,17.57,263.55,3/9/2014 0:00,9:17:26,PM
659366,Waelchi-Fahey,GS-86623,Shoes,9,43.69,393.21,3/12/2014 0:00,2:19:35,AM
676847,Hamill-Hackett,GS-86623,Shoes,18,69.13,1244.34,2/11/2014 0:00,11:45:29,PM
304860,Huel-Haag,QN-82852,Belt,3,94.18,282.54,9/9/2014 0:00,8:05:35,PM
524021,Hegmann and Sons,VG-32047,Shirt,17,80.42,1367.14,5/13/2014 0:00,3:46:45,AM
850140,Kunze Inc,AS-93055,Shirt,13,31.53,409.89,6/12/2014 0:00,12:09:39,PM
750461,"Volkman, Goyette and Lemke",FK-71853,Shirt,6,18.33,109.98,1/16/2014 0:00,1:38:16,AM
850140,Kunze Inc,KV-99194,Shirt,1,73.79,73.79,11/7/2013 0:00,7:52:06,PM
296809,Carroll PLC,LW-86841,Shoes,3,10.67,32.01,5/30/2014 0:00,9:32:51,PM
93356,Waters-Walker,GS-86623,Shoes,19,53.33,1013.27,5/31/2014 0:00,8:48:28,AM
296809,Carroll PLC,AS-93055,Shirt,18,55.23,994.14,12/2/2013 0:00,5:42:51,PM
296809,Carroll PLC,WJ-02096,Belt,7,77.91,545.37,10/17/2014 0:00,2:13:45,PM
995267,Cole-Eichmann,VG-32047,Shirt,20,28.81,576.2,3/19/2014 0:00,4:59:03,PM
299771,"Kuphal, Zieme and Kub",VG-32047,Shirt,16,31.86,509.76,9/4/2014 0:00,5:27:45,AM
296809,Carroll PLC,GS-86623,Shoes,8,28.32,226.56,10/1/2014 0:00,4:15:37,AM
659366,Waelchi-Fahey,GS-86623,Shoes,2,88.57,177.14,6/16/2014 0:00,2:35:22,AM
524021,Hegmann and Sons,VG-32047,Shirt,11,52.58,578.38,1/22/2014 0:00,8:06:36,AM
201259,Koelpin PLC,WJ-02096,Belt,14,20.87,292.18,2/9/2014 0:00,5:27:27,AM
758133,"Kihn, McClure and Denesik",AS-93055,Shirt,7,54.95,384.65,12/31/2013 0:00,4:32:30,AM
734922,Berge LLC,AS-93055,Shirt,11,36.86,405.46,1/1/2014 0:00,8:13:10,AM
995267,Cole-Eichmann,KV-99194,Shirt,5,52.07,260.35,9/17/2014 0:00,6:06:34,AM
750461,"Volkman, Goyette and Lemke",AS-93055,Shirt,19,71.71,1362.49,12/29/2013 0:00,4:27:13,AM
750461,"Volkman, Goyette and Lemke",KV-99194,Shirt,3,71.09,213.27,11/16/2013 0:00,2:18:39,AM
555594,"Ernser, Cruickshank and Lind",KV-99194,Shirt,7,60.04,420.28,12/14/2013 0:00,3:26:14,PM
711951,Kilback-Gerlach,KV-99194,Shirt,5,55.82,279.1,5/24/2014 0:00,5:01:20,AM
734922,Berge LLC,KV-99194,Shirt,16,24.13,386.08,12/20/2013 0:00,1:56:23,AM
93356,Waters-Walker,WJ-02096,Belt,20,62.39,1247.8,4/19/2014 0:00,4:00:54,PM
201259,Koelpin PLC,FK-71853,Shirt,2,83.01,166.02,1/5/2014 0:00,10:32:10,PM
555594,"Ernser, Cruickshank and Lind",GS-86623,Shoes,2,58.61,117.22,4/25/2014 0:00,6:15:52,PM
524021,Hegmann and Sons,LW-86841,Shoes,15,98.54,1478.1,9/4/2014 0:00,6:01:32,AM
659366,Waelchi-Fahey,WJ-02096,Belt,15,20.03,300.45,9/6/2014 0:00,9:47:38,AM
93356,Waters-Walker,VG-32047,Shirt,17,71.32,1212.44,9/16/2014 0:00,10:45:19,AM
711951,Kilback-Gerlach,VG-32047,Shirt,10,55.04,550.4,8/19/2014 0:00,5:39:10,PM
93356,Waters-Walker,QN-82852,Belt,19,95.37,1812.03,5/20/2014 0:00,9:39:21,AM
750461,"Volkman, Goyette and Lemke",LW-86841,Shoes,16,19.83,317.28,9/3/2014 0:00,12:10:24,PM
995267,Cole-Eichmann,WJ-02096,Belt,5,50.88,254.4,2/15/2014 0:00,3:16:45,AM
929400,"Senger, Upton and Breitenberg",MJ-21460,Shoes,17,36.81,625.77,12/5/2013 0:00,11:10:45,PM
524021,Hegmann and Sons,VG-32047,Shirt,4,42.78,171.12,3/7/2014 0:00,4:28:42,AM
995267,Cole-Eichmann,VG-32047,Shirt,6,87.35,524.1,12/12/2013 0:00,9:41:39,PM
299771,"Kuphal, Zieme and Kub",QN-82852,Belt,10,59.42,594.2,6/11/2014 0:00,12:10:16,PM
750461,"Volkman, Goyette and Lemke",LL-46261,Shoes,3,30.8,92.4,1/29/2014 0:00,11:47:43,AM
734922,Berge LLC,MJ-21460,Shoes,14,74.75,1046.5,2/6/2014 0:00,11:35:03,PM
201259,Koelpin PLC,LW-86841,Shoes,12,73.7,884.4,3/12/2014 0:00,1:27:20,AM
563905,"Kerluke, Reilly and Bechtelar",LW-86841,Shoes,10,36.3,363,4/14/2014 0:00,10:51:06,PM
93356,Waters-Walker,GS-86623,Shoes,10,75.72,757.2,1/31/2014 0:00,9:09:36,AM
758133,"Kihn, McClure and Denesik",AS-93055,Shirt,14,73.07,1022.98,11/29/2013 0:00,6:17:10,PM
201259,Koelpin PLC,VG-32047,Shirt,19,76.09,1445.71,8/4/2014 0:00,4:24:32,AM
93356,Waters-Walker,VG-32047,Shirt,13,45.42,590.46,12/29/2013 0:00,9:47:14,PM
201259,Koelpin PLC,WJ-02096,Belt,10,65.97,659.7,3/19/2014 0:00,4:16:23,AM
201259,Koelpin PLC,WJ-02096,Belt,2,20.06,40.12,5/31/2014 0:00,2:07:45,AM
296809,Carroll PLC,GS-86623,Shoes,3,62.25,186.75,3/26/2014 0:00,12:33:22,AM
659366,Waelchi-Fahey,KV-99194,Shirt,6,86.2,517.2,11/14/2013 0:00,7:38:21,PM
758133,"Kihn, McClure and Denesik",GS-86623,Shoes,14,23.97,335.58,12/1/2013 0:00,12:17:58,PM
115138,Gorczany-Hahn,QN-82852,Belt,10,10.06,100.6,3/8/2014 0:00,10:50:44,AM
299771,"Kuphal, Zieme and Kub",GS-86623,Shoes,7,34.71,242.97,4/29/2014 0:00,4:10:38,AM
929400,"Senger, Upton and Breitenberg",AS-93055,Shirt,14,31.36,439.04,1/12/2014 0:00,4:01:32,PM
555594,"Ernser, Cruickshank and Lind",LW-86841,Shoes,1,96.74,96.74,4/30/2014 0:00,4:25:44,PM
524021,Hegmann and Sons,QN-82852,Belt,1,93.93,93.93,3/18/2014 0:00,2:44:49,PM
676847,Hamill-Hackett,AS-93055,Shirt,9,58.32,524.88,12/16/2013 0:00,3:10:41,PM
296809,Carroll PLC,LL-46261,Shoes,8,58.48,467.84,5/31/2014 0:00,12:30:56,AM
758133,"Kihn, McClure and Denesik",WJ-02096,Belt,6,68.7,412.2,12/7/2013 0:00,8:40:13,AM
758133,"Kihn, McClure and Denesik",LW-86841,Shoes,4,65.73,262.92,6/4/2014 0:00,1:29:57,PM
555594,"Ernser, Cruickshank and Lind",VG-32047,Shirt,8,60.4,483.2,12/26/2013 0:00,4:26:05,AM
93356,Waters-Walker,KV-99194,Shirt,20,49.97,999.4,4/28/2014 0:00,8:35:33,PM
711951,Kilback-Gerlach,KV-99194,Shirt,19,38.38,729.22,5/25/2014 0:00,9:18:43,AM
734922,Berge LLC,LW-86841,Shoes,11,72.2,794.2,11/13/2013 0:00,9:15:53,PM
659366,Waelchi-Fahey,KV-99194,Shirt,13,32.24,419.12,12/22/2013 0:00,5:25:56,AM
750461,"Volkman, Goyette and Lemke",LL-46261,Shoes,8,95.39,763.12,1/12/2014 0:00,12:59:09,AM
659366,Waelchi-Fahey,WJ-02096,Belt,5,73.03,365.15,1/23/2014 0:00,12:48:34,PM
296809,Carroll PLC,VG-32047,Shirt,11,33.31,366.41,7/29/2014 0:00,3:09:19,PM
929400,"Senger, Upton and Breitenberg",QN-82852,Belt,3,65.52,196.56,4/2/2014 0:00,10:23:07,PM
304860,Huel-Haag,GS-86623,Shoes,5,45.24,226.2,12/12/2013 0:00,3:58:09,AM
304860,Huel-Haag,FK-71853,Shirt,20,81.79,1635.8,9/23/2014 0:00,4:52:44,AM
524021,Hegmann and Sons,AS-93055,Shirt,7,91.68,641.76,11/10/2013 0:00,2:15:25,PM
299771,"Kuphal, Zieme and Kub",GS-86623,Shoes,16,68.37,1093.92,1/25/2014 0:00,5:14:26,PM
296809,Carroll PLC,GS-86623,Shoes,20,66.43,1328.6,12/30/2013 0:00,9:47:58,AM
929400,"Senger, Upton and Breitenberg",FK-71853,Shirt,3,97.08,291.24,1/28/2014 0:00,10:18:57,AM
659366,Waelchi-Fahey,LW-86841,Shoes,11,99.58,1095.38,8/16/2014 0:00,12:51:50,PM
850140,Kunze Inc,FK-71853,Shirt,6,63.84,383.04,1/6/2014 0:00,5:32:46,PM
758133,"Kihn, McClure and Denesik",FK-71853,Shirt,11,75.07,825.77,6/23/2014 0:00,10:07:37,PM
734922,Berge LLC,FK-71853,Shirt,6,17.54,105.24,8/19/2014 0:00,4:51:46,AM
115138,Gorczany-Hahn,KV-99194,Shirt,19,71.61,1360.59,6/11/2014 0:00,12:52:36,PM
995267,Cole-Eichmann,QN-82852,Belt,17,92.49,1572.33,12/30/2013 0:00,8:52:54,AM
995267,Cole-Eichmann,LW-86841,Shoes,1,40.04,40.04,5/4/2014 0:00,8:13:07,AM
758133,"Kihn, McClure and Denesik",KV-99194,Shirt,6,92.02,552.12,6/20/2014 0:00,11:33:17,PM
93356,Waters-Walker,KV-99194,Shirt,12,66.41,796.92,4/2/2014 0:00,12:13:13,AM
995267,Cole-Eichmann,GS-86623,Shoes,13,53.32,693.16,11/9/2013 0:00,1:35:47,AM
299771,"Kuphal, Zieme and Kub",LL-46261,Shoes,7,48.69,340.83,7/29/2014 0:00,6:34:42,PM
734922,Berge LLC,WJ-02096,Belt,18,75.81,1364.58,12/8/2013 0:00,8:54:42,AM
995267,Cole-Eichmann,MJ-21460,Shoes,4,89.88,359.52,6/28/2014 0:00,9:15:38,AM
524021,Hegmann and Sons,LW-86841,Shoes,10,73.73,737.3,10/8/2014 0:00,8:26:26,PM
296809,Carroll PLC,AS-93055,Shirt,19,67.1,1274.9,6/20/2014 0:00,4:14:34,PM
659366,Waelchi-Fahey,WJ-02096,Belt,17,62.47,1061.99,6/16/2014 0:00,2:44:12,PM
758133,"Kihn, McClure and Denesik",QN-82852,Belt,12,29.83,357.96,1/27/2014 0:00,7:20:04,AM
758133,"Kihn, McClure and Denesik",QN-82852,Belt,18,24.57,442.26,4/3/2014 0:00,1:47:21,PM
299771,"Kuphal, Zieme and Kub",KV-99194,Shirt,1,27.41,27.41,8/10/2014 0:00,9:23:09,PM
98022,Heidenreich-Bosco,GS-86623,Shoes,9,92.9,836.1,5/16/2014 0:00,7:08:48,AM
93356,Waters-Walker,AS-93055,Shirt,9,95.16,856.44,12/3/2013 0:00,7:38:11,AM
929400,"Senger, Upton and Breitenberg",FK-71853,Shirt,7,77.52,542.64,8/26/2014 0:00,6:28:56,PM
711951,Kilback-Gerlach,MJ-21460,Shoes,14,40.64,568.96,10/21/2014 0:00,3:55:43,PM
995267,Cole-Eichmann,GS-86623,Shoes,5,54.09,270.45,10/19/2014 0:00,9:08:59,PM
115138,Gorczany-Hahn,FK-71853,Shirt,17,62.6,1064.2,12/15/2013 0:00,6:40:06,PM
758133,"Kihn, McClure and Denesik",WJ-02096,Belt,18,93.91,1690.38,8/11/2014 0:00,6:42:50,PM
711951,Kilback-Gerlach,LW-86841,Shoes,11,29.2,321.2,12/26/2013 0:00,4:44:50,AM
304860,Huel-Haag,AS-93055,Shirt,9,23.99,215.91,8/4/2014 0:00,9:20:38,AM
929400,"Senger, Upton and Breitenberg",LW-86841,Shoes,16,92.41,1478.56,5/25/2014 0:00,3:09:33,PM
555594,"Ernser, Cruickshank and Lind",LW-86841,Shoes,2,17.89,35.78,8/30/2014 0:00,3:52:20,PM
676847,Hamill-Hackett,LL-46261,Shoes,19,47.71,906.49,12/16/2013 0:00,12:12:31,AM
850140,Kunze Inc,WJ-02096,Belt,9,76.78,691.02,12/29/2013 0:00,1:08:35,AM
750461,"Volkman, Goyette and Lemke",GS-86623,Shoes,18,76.54,1377.72,1/21/2014 0:00,2:04:48,AM
304860,Huel-Haag,AS-93055,Shirt,5,63.59,317.95,2/8/2014 0:00,8:17:34,PM
995267,Cole-Eichmann,LL-46261,Shoes,20,53.25,1065,12/10/2013 0:00,12:10:01,PM
201259,Koelpin PLC,LL-46261,Shoes,7,91.2,638.4,2/28/2014 0:00,6:14:54,PM
296809,Carroll PLC,LW-86841,Shoes,8,95.17,761.36,7/18/2014 0:00,9:26:00,AM
524021,Hegmann and Sons,WJ-02096,Belt,11,54.79,602.69,5/20/2014 0:00,2:10:47,PM
201259,Koelpin PLC,LL-46261,Shoes,3,62.68,188.04,1/14/2014 0:00,11:34:45,PM
676847,Hamill-Hackett,GS-86623,Shoes,10,72.15,721.5,4/7/2014 0:00,9:45:23,AM
305803,"Davis, Kshlerin and Reilly",VG-32047,Shirt,1,78.93,78.93,2/24/2014 0:00,12:46:07,AM
563905,"Kerluke, Reilly and Bechtelar",LL-46261,Shoes,20,37.75,755,12/24/2013 0:00,8:34:32,AM
563905,"Kerluke, Reilly and Bechtelar",LL-46261,Shoes,6,41.95,251.7,12/9/2013 0:00,11:19:11,PM
676847,Hamill-Hackett,LW-86841,Shoes,11,91.04,1001.44,5/30/2014 0:00,4:37:34,AM
201259,Koelpin PLC,MJ-21460,Shoes,18,29.75,535.5,10/10/2014 0:00,12:44:46,PM
929400,"Senger, Upton and Breitenberg",LW-86841,Shoes,4,46.09,184.36,7/23/2014 0:00,9:02:37,AM
929400,"Senger, Upton and Breitenberg",KV-99194,Shirt,17,94.19,1601.23,1/17/2014 0:00,12:05:59,PM
524021,Hegmann and Sons,AS-93055,Shirt,9,76.23,686.07,3/22/2014 0:00,11:25:47,AM
296809,Carroll PLC,LL-46261,Shoes,12,39.49,473.88,5/22/2014 0:00,5:50:01,PM
734922,Berge LLC,KV-99194,Shirt,6,88.31,529.86,12/23/2013 0:00,4:08:03,PM
734922,Berge LLC,VG-32047,Shirt,11,58.29,641.19,4/23/2014 0:00,9:49:39,AM
850140,Kunze Inc,KV-99194,Shirt,17,80.5,1368.5,8/21/2014 0:00,3:51:34,PM
659366,Waelchi-Fahey,VG-32047,Shirt,4,40.8,163.2,4/26/2014 0:00,11:38:33,PM
524021,Hegmann and Sons,AS-93055,Shirt,7,73.69,515.83,9/11/2014 0:00,2:00:52,AM
750461,"Volkman, Goyette and Lemke",FK-71853,Shirt,3,63.58,190.74,4/20/2014 0:00,8:45:20,PM
563905,"Kerluke, Reilly and Bechtelar",FK-71853,Shirt,1,65.61,65.61,10/30/2013 0:00,9:34:40,AM
758133,"Kihn, McClure and Denesik",GS-86623,Shoes,13,72.07,936.91,2/22/2014 0:00,1:36:56,PM
524021,Hegmann and Sons,MJ-21460,Shoes,14,36.6,512.4,7/1/2014 0:00,10:27:00,PM
555594,"Ernser, Cruickshank and Lind",VG-32047,Shirt,14,38.93,545.02,12/23/2013 0:00,2:57:03,PM
734922,Berge LLC,FK-71853,Shirt,7,51.72,362.04,12/7/2013 0:00,9:43:31,AM
304860,Huel-Haag,FK-71853,Shirt,14,51.11,715.54,12/18/2013 0:00,6:44:56,AM
555594,"Ernser, Cruickshank and Lind",LW-86841,Shoes,4,93.9,375.6,11/16/2013 0:00,8:42:24,AM
995267,Cole-Eichmann,LW-86841,Shoes,15,17.68,265.2,11/4/2013 0:00,8:12:32,PM
850140,Kunze Inc,FK-71853,Shirt,11,85.24,937.64,7/15/2014 0:00,7:12:33,PM
995267,Cole-Eichmann,QN-82852,Belt,2,53.38,106.76,9/12/2014 0:00,9:29:52,AM
750461,"Volkman, Goyette and Lemke",FK-71853,Shirt,12,39.64,475.68,10/15/2014 0:00,1:53:52,AM
563905,"Kerluke, Reilly and Bechtelar",LW-86841,Shoes,6,83.6,501.6,11/27/2013 0:00,9:04:11,PM
304860,Huel-Haag,FK-71853,Shirt,8,74.64,597.12,3/6/2014 0:00,3:36:31,AM
299771,"Kuphal, Zieme and Kub",AS-93055,Shirt,18,13.67,246.06,5/11/2014 0:00,8:21:19,PM
850140,Kunze Inc,LL-46261,Shoes,11,72.69,799.59,10/23/2013 0:00,3:54:16,PM
750461,"Volkman, Goyette and Lemke",WJ-02096,Belt,7,23.04,161.28,9/1/2014 0:00,1:15:01,AM
676847,Hamill-Hackett,AS-93055,Shirt,3,50.86,152.58,10/4/2014 0:00,11:43:05,PM
676847,Hamill-Hackett,MJ-21460,Shoes,6,17.46,104.76,5/22/2014 0:00,6:36:25,AM
93356,Waters-Walker,QN-82852,Belt,11,44.93,494.23,6/19/2014 0:00,4:21:18,AM
850140,Kunze Inc,LW-86841,Shoes,18,44.87,807.66,7/12/2014 0:00,6:59:33,PM
750461,"Volkman, Goyette and Lemke",WJ-02096,Belt,6,54.49,326.94,4/14/2014 0:00,11:01:03,AM
995267,Cole-Eichmann,VG-32047,Shirt,9,41.58,374.22,6/21/2014 0:00,9:58:56,PM
850140,Kunze Inc,LL-46261,Shoes,8,80.6,644.8,12/5/2013 0:00,8:18:00,PM
524021,Hegmann and Sons,MJ-21460,Shoes,19,67.55,1283.45,6/21/2014 0:00,8:12:03,PM
305803,"Davis, Kshlerin and Reilly",WJ-02096,Belt,5,16.32,81.6,11/17/2013 0:00,8:52:44,AM
299771,"Kuphal, Zieme and Kub",VG-32047,Shirt,15,21.39,320.85,12/7/2013 0:00,12:59:30,PM
995267,Cole-Eichmann,QN-82852,Belt,19,99.9,1898.1,4/23/2014 0:00,10:30:58,PM
758133,"Kihn, McClure and Denesik",AS-93055,Shirt,7,48.05,336.35,2/4/2014 0:00,9:34:00,AM
758133,"Kihn, McClure and Denesik",QN-82852,Belt,18,94.04,1692.72,7/25/2014 0:00,6:30:19,PM
555594,"Ernser, Cruickshank and Lind",AS-93055,Shirt,15,94,1410,7/22/2014 0:00,11:45:36,AM
201259,Koelpin PLC,GS-86623,Shoes,5,26.55,132.75,11/22/2013 0:00,5:59:05,AM
563905,"Kerluke, Reilly and Bechtelar",VG-32047,Shirt,5,64.85,324.25,5/13/2014 0:00,4:03:58,PM
734922,Berge LLC,QN-82852,Belt,5,16.73,83.65,3/1/2014 0:00,1:41:40,PM
555594,"Ernser, Cruickshank and Lind",LL-46261,Shoes,7,46.6,326.2,9/6/2014 0:00,3:20:19,PM
98022,Heidenreich-Bosco,QN-82852,Belt,6,48.13,288.78,11/4/2013 0:00,3:41:41,AM
296809,Carroll PLC,FK-71853,Shirt,3,55.6,166.8,11/27/2013 0:00,6:35:28,PM
296809,Carroll PLC,LL-46261,Shoes,19,78.56,1492.64,7/19/2014 0:00,8:45:37,PM
201259,Koelpin PLC,QN-82852,Belt,5,25.46,127.3,10/23/2013 0:00,7:39:47,AM
563905,"Kerluke, Reilly and Bechtelar",WJ-02096,Belt,9,43.28,389.52,8/24/2014 0:00,10:30:54,PM
563905,"Kerluke, Reilly and Bechtelar",VG-32047,Shirt,15,41.15,617.25,2/12/2014 0:00,5:07:04,AM
750461,"Volkman, Goyette and Lemke",FK-71853,Shirt,19,39.29,746.51,3/21/2014 0:00,2:27:33,PM
758133,"Kihn, McClure and Denesik",QN-82852,Belt,9,46.44,417.96,7/2/2014 0:00,6:59:14,AM
659366,Waelchi-Fahey,QN-82852,Belt,1,95.03,95.03,3/31/2014 0:00,10:31:43,AM
98022,Heidenreich-Bosco,FK-71853,Shirt,16,82.77,1324.32,7/21/2014 0:00,8:11:22,AM
676847,Hamill-Hackett,LL-46261,Shoes,6,72.06,432.36,8/10/2014 0:00,2:34:54,PM
659366,Waelchi-Fahey,MJ-21460,Shoes,5,43.64,218.2,1/30/2014 0:00,7:04:33,PM
299771,"Kuphal, Zieme and Kub",LW-86841,Shoes,2,76.42,152.84,9/9/2014 0:00,2:28:18,PM
659366,Waelchi-Fahey,VG-32047,Shirt,11,25.74,283.14,2/6/2014 0:00,10:09:58,PM
929400,"Senger, Upton and Breitenberg",WJ-02096,Belt,2,40.68,81.36,6/20/2014 0:00,3:39:40,AM
659366,Waelchi-Fahey,WJ-02096,Belt,4,12.66,50.64,6/1/2014 0:00,3:07:50,AM
929400,"Senger, Upton and Breitenberg",VG-32047,Shirt,3,21.25,63.75,3/8/2014 0:00,5:49:21,AM
758133,"Kihn, McClure and Denesik",FK-71853,Shirt,16,96.47,1543.52,3/17/2014 0:00,3:44:50,PM
750461,"Volkman, Goyette and Lemke",GS-86623,Shoes,9,34.83,313.47,1/28/2014 0:00,3:52:04,PM
524021,Hegmann and Sons,KV-99194,Shirt,1,24.9,24.9,7/5/2014 0:00,2:02:45,PM
929400,"Senger, Upton and Breitenberg",KV-99194,Shirt,11,19.26,211.86,12/1/2013 0:00,9:23:11,PM
555594,"Ernser, Cruickshank and Lind",VG-32047,Shirt,7,84.46,591.22,11/15/2013 0:00,11:56:38,PM
850140,Kunze Inc,LW-86841,Shoes,14,62.03,868.42,3/29/2014 0:00,3:29:59,AM
299771,"Kuphal, Zieme and Kub",KV-99194,Shirt,3,79,237,11/26/2013 0:00,8:15:06,AM
711951,Kilback-Gerlach,KV-99194,Shirt,12,31.44,377.28,12/15/2013 0:00,9:44:27,PM
524021,Hegmann and Sons,WJ-02096,Belt,2,73.96,147.92,12/8/2013 0:00,4:33:54,AM
115138,Gorczany-Hahn,QN-82852,Belt,18,18.41,331.38,5/7/2014 0:00,4:59:51,AM
555594,"Ernser, Cruickshank and Lind",QN-82852,Belt,18,39.11,703.98,1/19/2014 0:00,6:06:01,AM
115138,Gorczany-Hahn,FK-71853,Shirt,5,94.62,473.1,2/14/2014 0:00,10:33:04,PM
929400,"Senger, Upton and Breitenberg",WJ-02096,Belt,7,50.85,355.95,7/25/2014 0:00,2:33:33,PM
115138,Gorczany-Hahn,AS-93055,Shirt,7,45.14,315.98,4/13/2014 0:00,9:02:34,AM
296809,Carroll PLC,FK-71853,Shirt,6,15.69,94.14,5/9/2014 0:00,2:08:03,AM
98022,Heidenreich-Bosco,QN-82852,Belt,10,76.76,767.6,12/8/2013 0:00,6:53:38,PM
850140,Kunze Inc,LW-86841,Shoes,20,53.03,1060.6,8/20/2014 0:00,8:57:38,PM
304860,Huel-Haag,GS-86623,Shoes,2,78.64,157.28,4/24/2014 0:00,6:13:24,AM
93356,Waters-Walker,QN-82852,Belt,19,72.11,1370.09,2/22/2014 0:00,7:22:10,AM
563905,"Kerluke, Reilly and Bechtelar",GS-86623,Shoes,16,33.21,531.36,9/5/2014 0:00,5:43:19,PM
850140,Kunze Inc,AS-93055,Shirt,8,59.23,473.84,4/15/2014 0:00,2:11:56,AM
93356,Waters-Walker,LL-46261,Shoes,13,81.45,1058.85,11/2/2013 0:00,2:31:09,PM
115138,Gorczany-Hahn,AS-93055,Shirt,3,61.04,183.12,5/26/2014 0:00,10:06:38,PM
850140,Kunze Inc,AS-93055,Shirt,2,39.31,78.62,3/5/2014 0:00,3:04:43,PM
524021,Hegmann and Sons,FK-71853,Shirt,7,60.29,422.03,8/15/2014 0:00,3:41:54,PM
299771,"Kuphal, Zieme and Kub",MJ-21460,Shoes,14,46.43,650.02,5/17/2014 0:00,10:02:32,AM
750461,"Volkman, Goyette and Lemke",WJ-02096,Belt,15,15.12,226.8,3/16/2014 0:00,3:37:39,PM
296809,Carroll PLC,LL-46261,Shoes,8,51.47,411.76,1/9/2014 0:00,11:37:20,AM
734922,Berge LLC,MJ-21460,Shoes,15,91.88,1378.2,12/10/2013 0:00,12:02:09,PM
296809,Carroll PLC,VG-32047,Shirt,16,82.36,1317.76,3/24/2014 0:00,12:29:30,PM
98022,Heidenreich-Bosco,LL-46261,Shoes,8,84.24,673.92,4/18/2014 0:00,7:19:35,PM
659366,Waelchi-Fahey,GS-86623,Shoes,10,88.36,883.6,8/24/2014 0:00,11:09:27,PM
676847,Hamill-Hackett,LW-86841,Shoes,10,47.2,472,5/5/2014 0:00,6:51:45,PM
929400,"Senger, Upton and Breitenberg",WJ-02096,Belt,20,51.16,1023.2,10/31/2013 0:00,3:48:14,PM
304860,Huel-Haag,KV-99194,Shirt,3,55.75,167.25,11/22/2013 0:00,4:34:56,AM
201259,Koelpin PLC,MJ-21460,Shoes,13,81.58,1060.54,2/10/2014 0:00,1:33:21,AM
758133,"Kihn, McClure and Denesik",VG-32047,Shirt,1,13.47,13.47,8/7/2014 0:00,4:18:29,AM
676847,Hamill-Hackett,VG-32047,Shirt,11,23.33,256.63,12/29/2013 0:00,2:31:41,AM
98022,Heidenreich-Bosco,WJ-02096,Belt,12,84.23,1010.76,1/28/2014 0:00,12:34:31,AM
659366,Waelchi-Fahey,LL-46261,Shoes,17,98.86,1680.62,5/10/2014 0:00,2:37:09,AM
850140,Kunze Inc,KV-99194,Shirt,5,12.07,60.35,10/24/2013 0:00,8:39:48,AM
676847,Hamill-Hackett,AS-93055,Shirt,8,87.5,700,1/26/2014 0:00,12:58:22,PM
659366,Waelchi-Fahey,VG-32047,Shirt,8,63.37,506.96,5/2/2014 0:00,1:13:09,AM
524021,Hegmann and Sons,FK-71853,Shirt,9,87.07,783.63,9/10/2014 0:00,9:37:02,PM
98022,Heidenreich-Bosco,KV-99194,Shirt,2,88.57,177.14,12/31/2013 0:00,8:53:19,AM
299771,"Kuphal, Zieme and Kub",MJ-21460,Shoes,1,16.29,16.29,4/25/2014 0:00,4:33:22,AM
201259,Koelpin PLC,GS-86623,Shoes,8,55.16,441.28,8/14/2014 0:00,3:02:46,AM
995267,Cole-Eichmann,MJ-21460,Shoes,20,25.66,513.2,3/24/2014 0:00,3:39:51,AM
98022,Heidenreich-Bosco,LL-46261,Shoes,13,19.69,255.97,1/28/2014 0:00,11:58:09,PM
305803,"Davis, Kshlerin and Reilly",MJ-21460,Shoes,3,71.28,213.84,8/7/2014 0:00,10:01:03,AM
524021,Hegmann and Sons,QN-82852,Belt,6,57.14,342.84,8/24/2014 0:00,6:07:33,AM
659366,Waelchi-Fahey,MJ-21460,Shoes,3,97.92,293.76,8/3/2014 0:00,2:44:21,PM
555594,"Ernser, Cruickshank and Lind",VG-32047,Shirt,9,60.94,548.46,9/14/2014 0:00,1:36:31,AM
93356,Waters-Walker,LL-46261,Shoes,6,51.18,307.08,7/31/2014 0:00,5:50:40,PM
659366,Waelchi-Fahey,FK-71853,Shirt,18,62.58,1126.44,3/31/2014 0:00,8:44:34,AM
750461,"Volkman, Goyette and Lemke",FK-71853,Shirt,13,77.42,1006.46,7/16/2014 0:00,12:38:04,AM
93356,Waters-Walker,LL-46261,Shoes,11,36.49,401.39,12/26/2013 0:00,6:47:55,PM
305803,"Davis, Kshlerin and Reilly",KV-99194,Shirt,17,57.5,977.5,2/25/2014 0:00,2:46:40,PM
296809,Carroll PLC,WJ-02096,Belt,17,76.08,1293.36,11/14/2013 0:00,11:35:37,PM
659366,Waelchi-Fahey,FK-71853,Shirt,14,11.91,166.74,3/9/2014 0:00,11:23:06,PM
850140,Kunze Inc,LW-86841,Shoes,17,82.86,1408.62,10/2/2014 0:00,4:34:54,PM
929400,"Senger, Upton and Breitenberg",QN-82852,Belt,16,51.93,830.88,1/17/2014 0:00,8:36:29,AM
299771,"Kuphal, Zieme and Kub",LL-46261,Shoes,17,96.71,1644.07,9/4/2014 0:00,6:21:15,PM
115138,Gorczany-Hahn,QN-82852,Belt,15,25.75,386.25,11/30/2013 0:00,12:14:42,PM
850140,Kunze Inc,AS-93055,Shirt,6,38.77,232.62,6/19/2014 0:00,10:24:10,PM
304860,Huel-Haag,LW-86841,Shoes,6,52.93,317.58,12/3/2013 0:00,2:57:43,AM
711951,Kilback-Gerlach,MJ-21460,Shoes,17,97.99,1665.83,1/15/2014 0:00,10:54:28,PM
659366,Waelchi-Fahey,QN-82852,Belt,10,36.72,367.2,6/18/2014 0:00,2:02:05,PM
734922,Berge LLC,MJ-21460,Shoes,9,84.43,759.87,6/23/2014 0:00,9:12:45,AM
750461,"Volkman, Goyette and Lemke",GS-86623,Shoes,11,68.13,749.43,5/9/2014 0:00,9:32:44,AM
299771,"Kuphal, Zieme and Kub",VG-32047,Shirt,6,92.62,555.72,6/19/2014 0:00,12:30:22,PM
995267,Cole-Eichmann,KV-99194,Shirt,8,51.86,414.88,11/23/2013 0:00,2:03:48,AM
750461,"Volkman, Goyette and Lemke",AS-93055,Shirt,19,52.45,996.55,8/8/2014 0:00,3:00:19,AM
304860,Huel-Haag,KV-99194,Shirt,19,32.23,612.37,10/2/2014 0:00,1:11:44,AM
563905,"Kerluke, Reilly and Bechtelar",QN-82852,Belt,4,61.06,244.24,5/9/2014 0:00,3:27:55,AM
711951,Kilback-Gerlach,AS-93055,Shirt,11,44.56,490.16,2/23/2014 0:00,5:35:58,AM
115138,Gorczany-Hahn,WJ-02096,Belt,1,58.03,58.03,12/11/2013 0:00,2:01:46,PM
758133,"Kihn, McClure and Denesik",QN-82852,Belt,11,39.89,438.79,5/18/2014 0:00,3:53:12,PM
524021,Hegmann and Sons,MJ-21460,Shoes,18,51.46,926.28,7/8/2014 0:00,6:37:36,PM
676847,Hamill-Hackett,AS-93055,Shirt,12,92.28,1107.36,4/28/2014 0:00,9:34:27,PM
115138,Gorczany-Hahn,FK-71853,Shirt,20,32.53,650.6,10/22/2014 0:00,10:04:21,AM
304860,Huel-Haag,VG-32047,Shirt,6,67.49,404.94,9/17/2014 0:00,12:35:31,PM
296809,Carroll PLC,VG-32047,Shirt,11,14.92,164.12,1/14/2014 0:00,5:53:11,AM
299771,"Kuphal, Zieme and Kub",MJ-21460,Shoes,3,16.5,49.5,8/9/2014 0:00,2:56:26,PM
734922,Berge LLC,WJ-02096,Belt,20,25.09,501.8,2/15/2014 0:00,12:17:15,AM
711951,Kilback-Gerlach,KV-99194,Shirt,20,72.86,1457.2,12/27/2013 0:00,3:41:18,AM
304860,Huel-Haag,WJ-02096,Belt,4,60.95,243.8,1/20/2014 0:00,10:14:17,AM
676847,Hamill-Hackett,QN-82852,Belt,12,47.05,564.6,10/24/2013 0:00,7:27:44,AM
850140,Kunze Inc,VG-32047,Shirt,20,36,720,11/19/2013 0:00,4:49:59,AM
555594,"Ernser, Cruickshank and Lind",LW-86841,Shoes,3,25.52,76.56,12/15/2013 0:00,11:23:29,PM
98022,Heidenreich-Bosco,QN-82852,Belt,3,43.89,131.67,2/6/2014 0:00,10:02:39,PM
98022,Heidenreich-Bosco,LL-46261,Shoes,6,55.68,334.08,2/25/2014 0:00,2:43:31,AM
734922,Berge LLC,KV-99194,Shirt,13,21.76,282.88,9/16/2014 0:00,7:43:28,PM
659366,Waelchi-Fahey,VG-32047,Shirt,14,85.44,1196.16,6/4/2014 0:00,2:34:07,PM
711951,Kilback-Gerlach,AS-93055,Shirt,20,88.71,1774.2,8/14/2014 0:00,7:08:27,PM
929400,"Senger, Upton and Breitenberg",LW-86841,Shoes,1,32.44,32.44,6/21/2014 0:00,4:34:22,AM
758133,"Kihn, McClure and Denesik",FK-71853,Shirt,12,40.53,486.36,3/6/2014 0:00,3:01:26,AM
711951,Kilback-Gerlach,LL-46261,Shoes,8,41.95,335.6,5/18/2014 0:00,12:50:58,AM
98022,Heidenreich-Bosco,KV-99194,Shirt,3,41.04,123.12,10/9/2014 0:00,3:27:45,PM
750461,"Volkman, Goyette and Lemke",AS-93055,Shirt,4,65.64,262.56,2/15/2014 0:00,5:07:56,PM
734922,Berge LLC,FK-71853,Shirt,4,59,236,8/15/2014 0:00,7:13:09,AM
296809,Carroll PLC,GS-86623,Shoes,19,20.01,380.19,11/20/2013 0:00,2:26:00,PM
711951,Kilback-Gerlach,LL-46261,Shoes,18,37.06,667.08,7/9/2014 0:00,5:04:57,PM
929400,"Senger, Upton and Breitenberg",QN-82852,Belt,8,13.41,107.28,12/21/2013 0:00,4:32:13,AM
115138,Gorczany-Hahn,AS-93055,Shirt,19,36.84,699.96,9/13/2014 0:00,6:33:24,AM
659366,Waelchi-Fahey,KV-99194,Shirt,18,13.47,242.46,3/25/2014 0:00,4:34:58,AM
299771,"Kuphal, Zieme and Kub",LW-86841,Shoes,11,87.09,957.99,10/22/2013 0:00,4:08:40,PM
201259,Koelpin PLC,QN-82852,Belt,19,18.85,358.15,7/2/2014 0:00,12:21:25,PM
850140,Kunze Inc,LW-86841,Shoes,7,56.99,398.93,6/25/2014 0:00,10:06:27,PM
115138,Gorczany-Hahn,AS-93055,Shirt,20,31.99,639.8,9/15/2014 0:00,7:14:27,PM
304860,Huel-Haag,GS-86623,Shoes,14,27.24,381.36,3/14/2014 0:00,4:16:47,AM
758133,"Kihn, McClure and Denesik",LW-86841,Shoes,11,51.07,561.77,3/6/2014 0:00,9:21:00,AM
524021,Hegmann and Sons,GS-86623,Shoes,11,40.32,443.52,2/7/2014 0:00,7:39:54,AM
758133,"Kihn, McClure and Denesik",WJ-02096,Belt,19,62.8,1193.2,8/27/2014 0:00,3:48:09,PM
115138,Gorczany-Hahn,LW-86841,Shoes,5,33.56,167.8,9/20/2014 0:00,7:43:39,AM
299771,"Kuphal, Zieme and Kub",FK-71853,Shirt,17,60.22,1023.74,9/26/2014 0:00,6:44:51,PM
296809,Carroll PLC,GS-86623,Shoes,8,21.41,171.28,9/11/2014 0:00,6:45:17,PM
296809,Carroll PLC,KV-99194,Shirt,13,43.03,559.39,1/20/2014 0:00,7:43:09,PM
93356,Waters-Walker,LL-46261,Shoes,11,76.8,844.8,2/23/2014 0:00,6:36:40,PM
850140,Kunze Inc,MJ-21460,Shoes,12,81.66,979.92,9/4/2014 0:00,3:23:22,AM
995267,Cole-Eichmann,FK-71853,Shirt,16,63.2,1011.2,6/22/2014 0:00,9:34:54,AM
711951,Kilback-Gerlach,LW-86841,Shoes,1,95.18,95.18,11/16/2013 0:00,10:27:30,AM
201259,Koelpin PLC,VG-32047,Shirt,10,20.2,202,10/2/2014 0:00,6:38:33,PM
305803,"Davis, Kshlerin and Reilly",LL-46261,Shoes,15,59.34,890.1,12/4/2013 0:00,2:43:20,AM
296809,Carroll PLC,WJ-02096,Belt,16,91.77,1468.32,2/23/2014 0:00,6:10:13,PM
734922,Berge LLC,MJ-21460,Shoes,4,87.65,350.6,4/26/2014 0:00,8:59:35,PM
711951,Kilback-Gerlach,LL-46261,Shoes,13,34.4,447.2,4/27/2014 0:00,2:17:28,AM
734922,Berge LLC,LL-46261,Shoes,18,44.89,808.02,5/28/2014 0:00,3:41:26,PM
929400,"Senger, Upton and Breitenberg",LL-46261,Shoes,15,75,1125,9/25/2014 0:00,6:00:19,PM
929400,"Senger, Upton and Breitenberg",MJ-21460,Shoes,8,19.05,152.4,1/8/2014 0:00,12:39:35,AM
115138,Gorczany-Hahn,WJ-02096,Belt,5,13.31,66.55,6/2/2014 0:00,11:41:36,AM
304860,Huel-Haag,KV-99194,Shirt,5,58.12,290.6,8/2/2014 0:00,12:08:32,PM
676847,Hamill-Hackett,LL-46261,Shoes,19,58.95,1120.05,3/12/2014 0:00,6:27:02,AM
758133,"Kihn, McClure and Denesik",GS-86623,Shoes,16,51.28,820.48,12/19/2013 0:00,5:40:26,AM
659366,Waelchi-Fahey,KV-99194,Shirt,2,35.44,70.88,10/25/2013 0:00,2:47:00,PM
555594,"Ernser, Cruickshank and Lind",KV-99194,Shirt,16,79.23,1267.68,9/20/2014 0:00,9:36:03,AM
524021,Hegmann and Sons,LW-86841,Shoes,2,19.42,38.84,8/23/2014 0:00,3:19:29,AM
93356,Waters-Walker,KV-99194,Shirt,9,70.81,637.29,1/30/2014 0:00,11:06:55,AM
555594,"Ernser, Cruickshank and Lind",WJ-02096,Belt,10,27.65,276.5,8/5/2014 0:00,2:49:13,AM
555594,"Ernser, Cruickshank and Lind",KV-99194,Shirt,18,53.57,964.26,11/9/2013 0:00,7:53:05,AM
98022,Heidenreich-Bosco,GS-86623,Shoes,19,87.08,1654.52,9/20/2014 0:00,10:36:07,PM
304860,Huel-Haag,AS-93055,Shirt,3,88.25,264.75,11/22/2013 0:00,2:08:50,AM
115138,Gorczany-Hahn,MJ-21460,Shoes,16,74.73,1195.68,10/8/2014 0:00,7:30:19,AM
758133,"Kihn, McClure and Denesik",VG-32047,Shirt,15,39.14,587.1,8/2/2014 0:00,5:24:19,PM
850140,Kunze Inc,LW-86841,Shoes,5,63.32,316.6,2/13/2014 0:00,7:42:05,PM
305803,"Davis, Kshlerin and Reilly",LW-86841,Shoes,7,18.99,132.93,4/17/2014 0:00,4:31:36,PM
93356,Waters-Walker,FK-71853,Shirt,6,48.34,290.04,10/7/2014 0:00,11:12:45,AM
93356,Waters-Walker,MJ-21460,Shoes,1,76.61,76.61,5/7/2014 0:00,10:17:28,AM
929400,"Senger, Upton and Breitenberg",MJ-21460,Shoes,11,10.12,111.32,3/29/2014 0:00,5:53:03,AM
995267,Cole-Eichmann,AS-93055,Shirt,20,96.14,1922.8,8/2/2014 0:00,7:08:15,PM
304860,Huel-Haag,MJ-21460,Shoes,10,69.19,691.9,1/7/2014 0:00,2:36:19,PM
563905,"Kerluke, Reilly and Bechtelar",VG-32047,Shirt,16,64.75,1036,2/11/2014 0:00,9:04:11,AM
201259,Koelpin PLC,LW-86841,Shoes,1,62.87,62.87,1/1/2014 0:00,10:40:22,PM
299771,"Kuphal, Zieme and Kub",QN-82852,Belt,13,13.05,169.65,9/4/2014 0:00,4:33:40,PM
93356,Waters-Walker,KV-99194,Shirt,2,96.8,193.6,7/13/2014 0:00,9:44:29,AM
98022,Heidenreich-Bosco,LL-46261,Shoes,6,23.04,138.24,3/2/2014 0:00,3:45:46,AM
850140,Kunze Inc,KV-99194,Shirt,8,35.98,287.84,5/20/2014 0:00,2:38:17,PM
115138,Gorczany-Hahn,AS-93055,Shirt,9,14.71,132.39,3/1/2014 0:00,1:31:22,PM
995267,Cole-Eichmann,GS-86623,Shoes,2,43.85,87.7,6/9/2014 0:00,9:31:11,PM
563905,"Kerluke, Reilly and Bechtelar",LW-86841,Shoes,9,52.42,471.78,5/22/2014 0:00,11:49:32,AM
98022,Heidenreich-Bosco,QN-82852,Belt,15,20.07,301.05,6/27/2014 0:00,12:15:09,PM
659366,Waelchi-Fahey,QN-82852,Belt,17,56.27,956.59,2/9/2014 0:00,2:52:49,PM
98022,Heidenreich-Bosco,QN-82852,Belt,8,79.2,633.6,6/7/2014 0:00,6:59:21,PM
555594,"Ernser, Cruickshank and Lind",MJ-21460,Shoes,7,97.93,685.51,4/5/2014 0:00,12:29:44,AM
524021,Hegmann and Sons,QN-82852,Belt,8,49.06,392.48,5/3/2014 0:00,8:50:41,PM
750461,"Volkman, Goyette and Lemke",GS-86623,Shoes,5,62.46,312.3,5/13/2014 0:00,2:52:47,PM
305803,"Davis, Kshlerin and Reilly",FK-71853,Shirt,20,11.96,239.2,9/4/2014 0:00,6:27:56,PM
201259,Koelpin PLC,KV-99194,Shirt,12,91.33,1095.96,3/1/2014 0:00,9:46:48,AM
115138,Gorczany-Hahn,WJ-02096,Belt,3,93.5,280.5,8/25/2014 0:00,9:36:41,PM
98022,Heidenreich-Bosco,GS-86623,Shoes,19,26.88,510.72,4/7/2014 0:00,7:12:29,AM
555594,"Ernser, Cruickshank and Lind",MJ-21460,Shoes,8,49.15,393.2,10/12/2014 0:00,9:49:47,PM
98022,Heidenreich-Bosco,WJ-02096,Belt,7,52.04,364.28,11/7/2013 0:00,7:58:39,PM
995267,Cole-Eichmann,KV-99194,Shirt,13,97.04,1261.52,6/17/2014 0:00,8:28:31,AM
555594,"Ernser, Cruickshank and Lind",AS-93055,Shirt,6,29.88,179.28,9/4/2014 0:00,2:54:23,PM
524021,Hegmann and Sons,KV-99194,Shirt,6,62.36,374.16,1/7/2014 0:00,3:14:00,AM
524021,Hegmann and Sons,AS-93055,Shirt,15,88.44,1326.6,10/15/2014 0:00,1:54:05,AM
711951,Kilback-Gerlach,KV-99194,Shirt,16,79.71,1275.36,8/30/2014 0:00,6:23:27,AM
676847,Hamill-Hackett,LW-86841,Shoes,11,96.57,1062.27,1/9/2014 0:00,1:36:39,PM
296809,Carroll PLC,VG-32047,Shirt,12,79.85,958.2,1/16/2014 0:00,11:38:27,AM
93356,Waters-Walker,AS-93055,Shirt,2,47.74,95.48,3/22/2014 0:00,2:00:16,AM
995267,Cole-Eichmann,KV-99194,Shirt,18,97.33,1751.94,1/16/2014 0:00,12:27:14,PM
676847,Hamill-Hackett,FK-71853,Shirt,18,98.39,1771.02,1/6/2014 0:00,8:14:31,AM
995267,Cole-Eichmann,LL-46261,Shoes,2,94.06,188.12,12/16/2013 0:00,9:29:38,PM
929400,"Senger, Upton and Breitenberg",LL-46261,Shoes,11,19.17,210.87,10/26/2013 0:00,1:17:07,PM
305803,"Davis, Kshlerin and Reilly",GS-86623,Shoes,18,20.74,373.32,10/22/2013 0:00,8:01:38,PM
995267,Cole-Eichmann,AS-93055,Shirt,7,80.69,564.83,1/10/2014 0:00,9:42:10,PM
93356,Waters-Walker,AS-93055,Shirt,15,84.23,1263.45,7/18/2014 0:00,4:09:08,AM
524021,Hegmann and Sons,GS-86623,Shoes,9,39.14,352.26,11/17/2013 0:00,11:11:28,PM
929400,"Senger, Upton and Breitenberg",VG-32047,Shirt,10,67.36,673.6,11/2/2013 0:00,3:09:24,AM
734922,Berge LLC,VG-32047,Shirt,14,93.45,1308.3,2/10/2014 0:00,7:13:32,AM
201259,Koelpin PLC,LL-46261,Shoes,8,62.68,501.44,11/10/2013 0:00,4:34:17,PM
555594,"Ernser, Cruickshank and Lind",QN-82852,Belt,13,86.33,1122.29,10/23/2013 0:00,2:35:36,AM
711951,Kilback-Gerlach,GS-86623,Shoes,1,25.23,25.23,2/15/2014 0:00,6:56:38,PM
555594,"Ernser, Cruickshank and Lind",KV-99194,Shirt,14,93.56,1309.84,10/21/2014 0:00,2:14:21,PM
296809,Carroll PLC,LW-86841,Shoes,19,22.36,424.84,7/8/2014 0:00,12:03:47,AM
711951,Kilback-Gerlach,LW-86841,Shoes,13,72.82,946.66,2/10/2014 0:00,6:44:09,PM
98022,Heidenreich-Bosco,AS-93055,Shirt,4,22.33,89.32,5/22/2014 0:00,10:55:51,AM
929400,"Senger, Upton and Breitenberg",MJ-21460,Shoes,5,41.67,208.35,12/4/2013 0:00,8:24:01,AM
296809,Carroll PLC,MJ-21460,Shoes,13,29.69,385.97,3/25/2014 0:00,9:03:04,AM
758133,"Kihn, McClure and Denesik",GS-86623,Shoes,20,20.83,416.6,9/7/2014 0:00,7:59:58,PM
524021,Hegmann and Sons,LW-86841,Shoes,12,96.49,1157.88,8/24/2014 0:00,2:46:41,AM
758133,"Kihn, McClure and Denesik",WJ-02096,Belt,15,51.35,770.25,5/13/2014 0:00,12:39:44,PM
563905,"Kerluke, Reilly and Bechtelar",GS-86623,Shoes,16,90.96,1455.36,11/2/2013 0:00,9:19:40,AM
711951,Kilback-Gerlach,LW-86841,Shoes,12,22.81,273.72,9/17/2014 0:00,2:46:57,AM
93356,Waters-Walker,AS-93055,Shirt,19,28.76,546.44,12/19/2013 0:00,7:43:07,PM
98022,Heidenreich-Bosco,VG-32047,Shirt,2,35.71,71.42,7/3/2014 0:00,3:16:33,AM
296809,Carroll PLC,LL-46261,Shoes,9,32.75,294.75,2/8/2014 0:00,10:48:21,AM
758133,"Kihn, McClure and Denesik",LW-86841,Shoes,2,92.23,184.46,2/18/2014 0:00,3:57:38,AM
524021,Hegmann and Sons,MJ-21460,Shoes,12,18.24,218.88,5/1/2014 0:00,4:46:03,PM
305803,"Davis, Kshlerin and Reilly",AS-93055,Shirt,6,49.81,298.86,11/1/2013 0:00,4:31:25,PM
304860,Huel-Haag,QN-82852,Belt,2,22.38,44.76,1/23/2014 0:00,11:47:01,PM
929400,"Senger, Upton and Breitenberg",QN-82852,Belt,10,25.65,256.5,12/20/2013 0:00,2:10:18,PM
299771,"Kuphal, Zieme and Kub",QN-82852,Belt,12,37.5,450,12/30/2013 0:00,4:04:50,AM
115138,Gorczany-Hahn,VG-32047,Shirt,20,72.35,1447,8/11/2014 0:00,7:02:14,PM
758133,"Kihn, McClure and Denesik",LL-46261,Shoes,2,48.21,96.42,9/16/2014 0:00,4:12:02,PM
711951,Kilback-Gerlach,VG-32047,Shirt,1,91.96,91.96,10/23/2013 0:00,3:08:31,PM
929400,"Senger, Upton and Breitenberg",GS-86623,Shoes,7,62.27,435.89,12/30/2013 0:00,1:55:14,AM
93356,Waters-Walker,KV-99194,Shirt,20,99.74,1994.8,4/18/2014 0:00,3:39:12,PM
98022,Heidenreich-Bosco,QN-82852,Belt,15,82.82,1242.3,3/27/2014 0:00,4:42:40,AM
734922,Berge LLC,GS-86623,Shoes,8,85.04,680.32,2/26/2014 0:00,2:43:51,PM
995267,Cole-Eichmann,LW-86841,Shoes,10,73.24,732.4,6/7/2014 0:00,10:04:53,AM
93356,Waters-Walker,AS-93055,Shirt,9,68.62,617.58,8/12/2014 0:00,8:06:21,AM
304860,Huel-Haag,QN-82852,Belt,1,57.33,57.33,8/27/2014 0:00,11:27:28,AM
850140,Kunze Inc,KV-99194,Shirt,9,27.16,244.44,2/8/2014 0:00,6:22:34,AM
659366,Waelchi-Fahey,LW-86841,Shoes,10,56.56,565.6,10/1/2014 0:00,11:38:04,AM
296809,Carroll PLC,WJ-02096,Belt,20,14.37,287.4,7/20/2014 0:00,5:22:03,PM
758133,"Kihn, McClure and Denesik",WJ-02096,Belt,11,60.5,665.5,8/3/2014 0:00,10:39:51,AM
850140,Kunze Inc,GS-86623,Shoes,16,19.66,314.56,5/3/2014 0:00,9:18:15,PM
93356,Waters-Walker,GS-86623,Shoes,13,90.95,1182.35,6/14/2014 0:00,12:43:51,PM
304860,Huel-Haag,LL-46261,Shoes,9,98.22,883.98,7/26/2014 0:00,1:10:57,AM
98022,Heidenreich-Bosco,LW-86841,Shoes,14,74.83,1047.62,6/27/2014 0:00,5:58:33,AM
